1,1906,WASHINGTON,NA,302312.9457
2,1906,WASHINGTON,NA,302519.0169
3,1906,WASHINGTON,NA,302726.1932
4,1906,WASHINGTON,NA,302934.4823
5,1906,WASHINGTON,NA,303143.8918
6,1906,WASHINGTON,NA,303354.4296
7,1906,WASHINGTON,NA,303566.1032
8,1906,WASHINGTON,NA,303778.9205
9,1906,WASHINGTON,NA,303992.8891
10,1906,WASHINGTON,NA,304208.0168
11,1906,WASHINGTON,NA,304424.3113
12,1906,WASHINGTON,NA,304641.7804
13,1906,WASHINGTON,NA,304860.4316
14,1906,WASHINGTON,NA,305080.2729
15,1906,WASHINGTON,NA,305301.3118
16,1906,WASHINGTON,NA,305523.5561
17,1906,WASHINGTON,NA,305747.0136
18,1906,WASHINGTON,NA,305971.6919
19,1906,WASHINGTON,NA,306197.5988
20,1906,WASHINGTON,NA,306424.742
21,1906,WASHINGTON,NA,306653.1292
22,1906,WASHINGTON,NA,306882.7681
23,1906,WASHINGTON,NA,307113.6665
24,1906,WASHINGTON,NA,307345.832
25,1906,WASHINGTON,NA,307579.2725
26,1906,WASHINGTON,NA,307813.9956
1,1907,WASHINGTON,NA,308050.009
2,1907,WASHINGTON,NA,308287.3205
3,1907,WASHINGTON,NA,308525.9378
4,1907,WASHINGTON,NA,308765.8686
5,1907,WASHINGTON,NA,309007.1206
6,1907,WASHINGTON,NA,309249.7016
7,1907,WASHINGTON,NA,309493.6192
8,1907,WASHINGTON,32,309738.8813
9,1907,WASHINGTON,28,309985.4954
10,1907,WASHINGTON,13,310233.4694
11,1907,WASHINGTON,58,310482.8109
12,1907,WASHINGTON,101,310733.5278
13,1907,WASHINGTON,105,310985.6276
14,1907,WASHINGTON,64,311239.1181
15,1907,WASHINGTON,45,311494.0071
16,1907,WASHINGTON,14,311750.3023
17,1907,WASHINGTON,16,312008.0113
18,1907,WASHINGTON,6,312267.142
19,1907,WASHINGTON,3,312527.702
20,1907,WASHINGTON,NA,312789.699
21,1907,WASHINGTON,6,313053.1408
22,1907,WASHINGTON,4,313318.0351
23,1907,WASHINGTON,2,313584.3896
24,1907,WASHINGTON,3,313852.2121
25,1907,WASHINGTON,14,314121.5102
26,1907,WASHINGTON,2,314392.2917
1,1908,WASHINGTON,7,314664.5643
2,1908,WASHINGTON,8,314938.3357
3,1908,WASHINGTON,29,315213.6136
4,1908,WASHINGTON,39,315490.4059
5,1908,WASHINGTON,45,315768.7201
6,1908,WASHINGTON,66,316048.564
7,1908,WASHINGTON,104,316329.9454
8,1908,WASHINGTON,52,316612.8719
9,1908,WASHINGTON,85,316897.3512
10,1908,WASHINGTON,85,317183.3912
11,1908,WASHINGTON,102,317470.9995
12,1908,WASHINGTON,85,317760.1838
13,1908,WASHINGTON,64,318050.9519
14,1908,WASHINGTON,38,318343.3115
15,1908,WASHINGTON,28,318637.2702
16,1908,WASHINGTON,17,318932.8359
17,1908,WASHINGTON,6,319230.0163
18,1908,WASHINGTON,8,319528.819
19,1908,WASHINGTON,3,319829.2518
20,1908,WASHINGTON,16,320131.3224
21,1908,WASHINGTON,6,320435.0385
22,1908,WASHINGTON,15,320740.4079
23,1908,WASHINGTON,13,321047.4382
24,1908,WASHINGTON,40,321356.1373
25,1908,WASHINGTON,34,321666.5127
26,1908,WASHINGTON,160,321978.5723
1,1909,WASHINGTON,587,322292.3238
2,1909,WASHINGTON,623,322607.7748
3,1909,WASHINGTON,953,322924.9332
4,1909,WASHINGTON,1210,323243.8066
5,1909,WASHINGTON,975,323564.4027
6,1909,WASHINGTON,767,323886.7293
7,1909,WASHINGTON,554,324210.794
8,1909,WASHINGTON,323,324536.6047
9,1909,WASHINGTON,177,324864.169
10,1909,WASHINGTON,128,325193.4947
11,1909,WASHINGTON,47,325524.5894
12,1909,WASHINGTON,55,325857.4609
13,1909,WASHINGTON,26,326192.117
14,1909,WASHINGTON,17,326528.5653
15,1909,WASHINGTON,17,326866.8135
16,1909,WASHINGTON,7,327206.8695
17,1909,WASHINGTON,2,327548.7408
18,1909,WASHINGTON,2,327892.4353
19,1909,WASHINGTON,6,328237.9606
20,1909,WASHINGTON,4,328585.3244
21,1909,WASHINGTON,6,328934.5346
22,1909,WASHINGTON,2,329285.5988
23,1909,WASHINGTON,NA,329638.5247
24,1909,WASHINGTON,10,329993.32
25,1909,WASHINGTON,8,330349.9925
26,1909,WASHINGTON,8,330708.55
1,1910,WASHINGTON,8,331069
2,1910,WASHINGTON,5,331431.3462
3,1910,WASHINGTON,3,331795.575
4,1910,WASHINGTON,8,332161.6689
5,1910,WASHINGTON,16,332529.6102
6,1910,WASHINGTON,20,332899.3812
7,1910,WASHINGTON,18,333270.9644
8,1910,WASHINGTON,9,333644.342
9,1910,WASHINGTON,9,334019.4964
10,1910,WASHINGTON,18,334396.41
11,1910,WASHINGTON,27,334775.0651
12,1910,WASHINGTON,26,335155.444
13,1910,WASHINGTON,13,335537.5292
14,1910,WASHINGTON,23,335921.303
15,1910,WASHINGTON,11,336306.7477
16,1910,WASHINGTON,2,336693.8457
17,1910,WASHINGTON,2,337082.5793
18,1910,WASHINGTON,4,337472.9309
19,1910,WASHINGTON,NA,337864.8829
20,1910,WASHINGTON,NA,338258.4176
21,1910,WASHINGTON,NA,338653.5173
22,1910,WASHINGTON,NA,339050.1644
23,1910,WASHINGTON,NA,339448.3413
24,1910,WASHINGTON,NA,339848.0302
25,1910,WASHINGTON,12,340249.2137
26,1910,WASHINGTON,6,340651.8739
1,1911,WASHINGTON,13,341055.9934
2,1911,WASHINGTON,28,341461.5543
3,1911,WASHINGTON,26,341868.5392
4,1911,WASHINGTON,34,342276.9302
5,1911,WASHINGTON,71,342686.7099
6,1911,WASHINGTON,193,343097.8605
7,1911,WASHINGTON,238,343510.3643
8,1911,WASHINGTON,292,343924.2039
9,1911,WASHINGTON,471,344339.3614
10,1911,WASHINGTON,759,344755.8192
11,1911,WASHINGTON,587,345173.5598
12,1911,WASHINGTON,NA,345592.5654
13,1911,WASHINGTON,178,346012.8185
14,1911,WASHINGTON,81,346434.3013
15,1911,WASHINGTON,71,346856.9962
16,1911,WASHINGTON,30,347280.8856
17,1911,WASHINGTON,30,347705.9518
18,1911,WASHINGTON,6,348132.1772
19,1911,WASHINGTON,7,348559.5441
20,1911,WASHINGTON,4,348988.0349
21,1911,WASHINGTON,3,349417.6319
22,1911,WASHINGTON,7,349848.3175
23,1911,WASHINGTON,3,350280.0741
24,1911,WASHINGTON,14,350712.8839
25,1911,WASHINGTON,6,351146.7294
26,1911,WASHINGTON,8,351581.5929
1,1912,WASHINGTON,4,352017.4568
2,1912,WASHINGTON,4,352454.3034
3,1912,WASHINGTON,7,352892.115
4,1912,WASHINGTON,8,353330.874
5,1912,WASHINGTON,27,353770.5629
6,1912,WASHINGTON,62,354211.1638
7,1912,WASHINGTON,92,354652.6592
8,1912,WASHINGTON,104,355095.0315
9,1912,WASHINGTON,141,355538.2629
10,1912,WASHINGTON,187,355982.3358
11,1912,WASHINGTON,253,356427.2327
12,1912,WASHINGTON,213,356872.9358
13,1912,WASHINGTON,110,357319.4274
14,1912,WASHINGTON,104,357766.6901
15,1912,WASHINGTON,39,358214.706
16,1912,WASHINGTON,39,358663.4576
17,1912,WASHINGTON,8,359112.9272
18,1912,WASHINGTON,8,359563.0971
19,1912,WASHINGTON,17,360013.9498
20,1912,WASHINGTON,12,360465.4675
21,1912,WASHINGTON,6,360917.6327
22,1912,WASHINGTON,6,361370.4276
23,1912,WASHINGTON,4,361823.8347
24,1912,WASHINGTON,34,362277.8362
25,1912,WASHINGTON,72,362732.4146
26,1912,WASHINGTON,44,363187.5521
1,1913,WASHINGTON,124,363643.2312
2,1913,WASHINGTON,349,364099.4342
3,1913,WASHINGTON,530,364556.1434
4,1913,WASHINGTON,703,365013.3413
5,1913,WASHINGTON,947,365471.0101
6,1913,WASHINGTON,1051,365929.1322
7,1913,WASHINGTON,779,366387.6899
8,1913,WASHINGTON,496,366846.6657
9,1913,WASHINGTON,324,367306.0418
10,1913,WASHINGTON,884,367765.8007
11,1913,WASHINGTON,109,368225.9246
12,1913,WASHINGTON,80,368686.3959
13,1913,WASHINGTON,45,369147.1971
14,1913,WASHINGTON,24,369608.3103
15,1913,WASHINGTON,19,370069.7181
16,1913,WASHINGTON,4,370531.4027
17,1913,WASHINGTON,2,370993.3465
18,1913,WASHINGTON,2,371455.5318
19,1913,WASHINGTON,2,371917.941
20,1913,WASHINGTON,2,372380.5565
21,1913,WASHINGTON,9,372843.3606
22,1913,WASHINGTON,12,373306.3356
23,1913,WASHINGTON,2,373769.464
24,1913,WASHINGTON,8,374232.728
25,1913,WASHINGTON,5,374696.11
26,1913,WASHINGTON,3,375159.5924
1,1914,WASHINGTON,58,375623.1576
2,1914,WASHINGTON,101,376086.7878
3,1914,WASHINGTON,172,376550.4654
4,1914,WASHINGTON,148,377014.1729
5,1914,WASHINGTON,144,377477.8924
6,1914,WASHINGTON,97,377941.6065
7,1914,WASHINGTON,41,378405.2974
8,1914,WASHINGTON,29,378868.9475
9,1914,WASHINGTON,37,379332.5391
10,1914,WASHINGTON,22,379796.0547
11,1914,WASHINGTON,12,380259.4765
12,1914,WASHINGTON,16,380722.7869
13,1914,WASHINGTON,12,381185.9683
14,1914,WASHINGTON,NA,381649.003
15,1914,WASHINGTON,NA,382111.8734
16,1914,WASHINGTON,NA,382574.5618
17,1914,WASHINGTON,4,383037.0506
18,1914,WASHINGTON,NA,383499.3221
19,1914,WASHINGTON,NA,383961.3587
20,1914,WASHINGTON,NA,384423.1427
21,1914,WASHINGTON,2,384884.6565
22,1914,WASHINGTON,21,385345.8825
23,1914,WASHINGTON,NA,385806.803
24,1914,WASHINGTON,NA,386267.4003
25,1914,WASHINGTON,NA,386727.6568
26,1914,WASHINGTON,16,387187.5548
1,1915,WASHINGTON,27,387647.0768
2,1915,WASHINGTON,34,388106.2051
3,1915,WASHINGTON,44,388564.9219
4,1915,WASHINGTON,59,389023.2098
5,1915,WASHINGTON,54,389481.0509
6,1915,WASHINGTON,89,389938.4277
7,1915,WASHINGTON,146,390395.3226
8,1915,WASHINGTON,200,390851.7178
9,1915,WASHINGTON,260,391307.5958
10,1915,WASHINGTON,221,391762.9389
11,1915,WASHINGTON,204,392217.7294
12,1915,WASHINGTON,194,392671.9497
13,1915,WASHINGTON,125,393125.5821
14,1915,WASHINGTON,82,393578.6091
15,1915,WASHINGTON,54,394031.0129
16,1915,WASHINGTON,24,394482.7759
17,1915,WASHINGTON,25,394933.8805
18,1915,WASHINGTON,NA,395384.309
19,1915,WASHINGTON,5,395834.0438
20,1915,WASHINGTON,6,396283.0671
21,1915,WASHINGTON,10,396731.3615
22,1915,WASHINGTON,NA,397178.9092
23,1915,WASHINGTON,4,397625.6926
24,1915,WASHINGTON,22,398071.694
25,1915,WASHINGTON,24,398516.8958
26,1915,WASHINGTON,26,398961.2803
1,1916,WASHINGTON,40,399404.8299
2,1916,WASHINGTON,30,399847.527
3,1916,WASHINGTON,41,400289.3539
4,1916,WASHINGTON,71,400730.2929
5,1916,WASHINGTON,110,401170.3265
6,1916,WASHINGTON,141,401609.4369
7,1916,WASHINGTON,226,402047.6065
8,1916,WASHINGTON,267,402484.8177
9,1916,WASHINGTON,251,402921.0528
10,1916,WASHINGTON,225,403356.2942
11,1916,WASHINGTON,224,403790.5242
12,1916,WASHINGTON,253,404223.7252
13,1916,WASHINGTON,294,404655.8795
14,1916,WASHINGTON,239,405086.9695
15,1916,WASHINGTON,120,405516.9775
16,1916,WASHINGTON,50,405945.886
17,1916,WASHINGTON,15,406373.6772
18,1916,WASHINGTON,8,406800.3335
19,1916,WASHINGTON,8,407225.8372
20,1916,WASHINGTON,7,407650.1708
21,1916,WASHINGTON,2,408073.3165
22,1916,WASHINGTON,2,408495.2567
23,1916,WASHINGTON,6,408915.9738
24,1916,WASHINGTON,10,409335.4501
25,1916,WASHINGTON,7,409753.668
26,1916,WASHINGTON,4,410170.6098
1,1917,WASHINGTON,9,410586.2579
2,1917,WASHINGTON,50,411000.5946
3,1917,WASHINGTON,81,411413.6023
4,1917,WASHINGTON,115,411825.2633
5,1917,WASHINGTON,189,412235.5601
6,1917,WASHINGTON,204,412644.4749
7,1917,WASHINGTON,331,413051.99
8,1917,WASHINGTON,379,413458.088
9,1917,WASHINGTON,471,413862.751
10,1917,WASHINGTON,325,414265.9615
11,1917,WASHINGTON,377,414667.7018
12,1917,WASHINGTON,323,415067.9543
13,1917,WASHINGTON,256,415466.7013
14,1917,WASHINGTON,111,415863.9252
15,1917,WASHINGTON,70,416259.6083
16,1917,WASHINGTON,21,416653.7329
17,1917,WASHINGTON,20,417046.2815
18,1917,WASHINGTON,13,417437.2364
19,1917,WASHINGTON,15,417826.58
20,1917,WASHINGTON,5,418214.2945
21,1917,WASHINGTON,9,418600.3623
22,1917,WASHINGTON,37,418984.7659
23,1917,WASHINGTON,105,419367.4875
24,1917,WASHINGTON,101,419748.5095
25,1917,WASHINGTON,127,420127.8143
26,1917,WASHINGTON,140,420505.3842
1,1918,WASHINGTON,164,420881.2015
2,1918,WASHINGTON,303,421255.2487
3,1918,WASHINGTON,477,421627.508
4,1918,WASHINGTON,515,421997.9619
5,1918,WASHINGTON,721,422366.5927
6,1918,WASHINGTON,974,422733.3826
7,1918,WASHINGTON,1116,423098.3142
8,1918,WASHINGTON,1029,423461.3697
9,1918,WASHINGTON,683,423822.5315
10,1918,WASHINGTON,458,424181.7819
11,1918,WASHINGTON,229,424539.1033
12,1918,WASHINGTON,164,424894.4781
13,1918,WASHINGTON,62,425247.8886
14,1918,WASHINGTON,44,425599.3171
15,1918,WASHINGTON,31,425948.746
16,1918,WASHINGTON,17,426296.1577
17,1918,WASHINGTON,13,426641.5346
18,1918,WASHINGTON,6,426984.8589
19,1918,WASHINGTON,4,427326.113
20,1918,WASHINGTON,NA,427665.2793
21,1918,WASHINGTON,4,428002.3401
22,1918,WASHINGTON,3,428337.2778
23,1918,WASHINGTON,7,428670.0747
24,1918,WASHINGTON,4,429000.7133
25,1918,WASHINGTON,3,429329.1757
26,1918,WASHINGTON,6,429655.4445
1,1919,WASHINGTON,6,429979.5019
2,1919,WASHINGTON,4,430301.3304
3,1919,WASHINGTON,4,430620.9121
4,1919,WASHINGTON,4,430938.2296
5,1919,WASHINGTON,7,431253.2652
6,1919,WASHINGTON,8,431566.0011
7,1919,WASHINGTON,10,431876.4199
8,1919,WASHINGTON,12,432184.5037
9,1919,WASHINGTON,37,432490.2351
10,1919,WASHINGTON,14,432793.5962
11,1919,WASHINGTON,21,433094.5696
12,1919,WASHINGTON,12,433393.1374
13,1919,WASHINGTON,7,433689.2822
14,1919,WASHINGTON,6,433982.9862
15,1919,WASHINGTON,4,434274.2318
16,1919,WASHINGTON,NA,434563.0013
17,1919,WASHINGTON,NA,434849.2772
18,1919,WASHINGTON,3,435133.0417
19,1919,WASHINGTON,2,435414.2772
20,1919,WASHINGTON,3,435692.9661
21,1919,WASHINGTON,4,435969.0907
22,1919,WASHINGTON,4,436242.6333
23,1919,WASHINGTON,2,436513.5764
24,1919,WASHINGTON,3,436781.9023
25,1919,WASHINGTON,8,437047.5932
26,1919,WASHINGTON,4,437310.6317
1,1920,WASHINGTON,12,437571
2,1920,WASHINGTON,20,437828.6876
3,1920,WASHINGTON,33,438083.7122
4,1920,WASHINGTON,35,438336.0987
5,1920,WASHINGTON,22,438585.8719
6,1920,WASHINGTON,30,438833.0567
7,1920,WASHINGTON,36,439077.678
8,1920,WASHINGTON,36,439319.7606
9,1920,WASHINGTON,48,439559.3293
10,1920,WASHINGTON,35,439796.409
11,1920,WASHINGTON,29,440031.0246
12,1920,WASHINGTON,27,440263.2009
13,1920,WASHINGTON,28,440492.9627
14,1920,WASHINGTON,33,440720.335
15,1920,WASHINGTON,11,440945.3425
16,1920,WASHINGTON,16,441168.0101
17,1920,WASHINGTON,2,441388.3627
18,1920,WASHINGTON,4,441606.4251
19,1920,WASHINGTON,8,441822.2221
20,1920,WASHINGTON,4,442035.7787
21,1920,WASHINGTON,8,442247.1197
22,1920,WASHINGTON,21,442456.2698
23,1920,WASHINGTON,21,442663.2541
24,1920,WASHINGTON,24,442868.0972
25,1920,WASHINGTON,16,443070.8242
26,1920,WASHINGTON,13,443271.4598
1,1921,WASHINGTON,29,443470.0288
2,1921,WASHINGTON,74,443666.5562
3,1921,WASHINGTON,187,443861.0668
4,1921,WASHINGTON,343,444053.5854
5,1921,WASHINGTON,424,444244.1369
6,1921,WASHINGTON,523,444432.7461
7,1921,WASHINGTON,506,444619.4379
8,1921,WASHINGTON,490,444804.2372
9,1921,WASHINGTON,510,444987.1688
10,1921,WASHINGTON,367,445168.2575
11,1921,WASHINGTON,253,445347.5282
12,1921,WASHINGTON,180,445525.0057
13,1921,WASHINGTON,122,445700.715
14,1921,WASHINGTON,67,445874.6808
15,1921,WASHINGTON,29,446046.928
16,1921,WASHINGTON,4,446217.4815
17,1921,WASHINGTON,2,446386.366
18,1921,WASHINGTON,NA,446553.6066
19,1921,WASHINGTON,3,446719.2279
20,1921,WASHINGTON,3,446883.2549
21,1921,WASHINGTON,6,447045.7124
22,1921,WASHINGTON,NA,447206.6253
23,1921,WASHINGTON,7,447366.0184
24,1921,WASHINGTON,18,447523.9166
25,1921,WASHINGTON,2,447680.3447
26,1921,WASHINGTON,7,447835.3276
1,1922,WASHINGTON,4,447988.8901
2,1922,WASHINGTON,9,448141.057
3,1922,WASHINGTON,5,448291.8533
4,1922,WASHINGTON,14,448441.3038
5,1922,WASHINGTON,11,448589.4333
6,1922,WASHINGTON,15,448736.2667
7,1922,WASHINGTON,9,448881.8288
8,1922,WASHINGTON,36,449026.1446
9,1922,WASHINGTON,28,449169.2387
10,1922,WASHINGTON,50,449311.1362
11,1922,WASHINGTON,64,449451.8617
12,1922,WASHINGTON,74,449591.4403
13,1922,WASHINGTON,52,449729.8967
14,1922,WASHINGTON,38,449867.2559
15,1922,WASHINGTON,26,450003.5425
16,1922,WASHINGTON,7,450138.7816
17,1922,WASHINGTON,4,450272.9979
18,1922,WASHINGTON,NA,450406.2164
19,1922,WASHINGTON,4,450538.4618
20,1922,WASHINGTON,6,450669.759
21,1922,WASHINGTON,NA,450800.1328
22,1922,WASHINGTON,2,450929.6082
23,1922,WASHINGTON,4,451058.2099
24,1922,WASHINGTON,7,451185.9628
25,1922,WASHINGTON,15,451312.8918
26,1922,WASHINGTON,34,451439.0218
1,1923,WASHINGTON,42,451564.3775
2,1923,WASHINGTON,91,451688.9838
3,1923,WASHINGTON,142,451812.8656
4,1923,WASHINGTON,163,451936.0477
5,1923,WASHINGTON,359,452058.555
6,1923,WASHINGTON,685,452180.4123
7,1923,WASHINGTON,1083,452301.6445
8,1923,WASHINGTON,1559,452422.2764
9,1923,WASHINGTON,1354,452542.3329
10,1923,WASHINGTON,973,452661.8389
11,1923,WASHINGTON,598,452780.8191
12,1923,WASHINGTON,243,452899.2985
13,1923,WASHINGTON,110,453017.3018
14,1923,WASHINGTON,41,453134.854
15,1923,WASHINGTON,29,453251.9799
16,1923,WASHINGTON,16,453368.7044
17,1923,WASHINGTON,4,453485.0522
18,1923,WASHINGTON,6,453601.0483
19,1923,WASHINGTON,2,453716.7175
20,1923,WASHINGTON,3,453832.0846
21,1923,WASHINGTON,4,453947.1746
22,1923,WASHINGTON,13,454062.0122
23,1923,WASHINGTON,11,454176.6223
24,1923,WASHINGTON,10,454291.0298
25,1923,WASHINGTON,16,454405.2594
26,1923,WASHINGTON,20,454519.3362
1,1924,WASHINGTON,11,454633.2848
2,1924,WASHINGTON,13,454747.1303
3,1924,WASHINGTON,20,454860.8973
4,1924,WASHINGTON,20,454974.6108
5,1924,WASHINGTON,19,455088.2956
6,1924,WASHINGTON,32,455201.9766
7,1924,WASHINGTON,37,455315.6787
8,1924,WASHINGTON,36,455429.4266
9,1924,WASHINGTON,52,455543.2452
10,1924,WASHINGTON,56,455657.1594
11,1924,WASHINGTON,40,455771.194
12,1924,WASHINGTON,39,455885.374
13,1924,WASHINGTON,14,455999.724
14,1924,WASHINGTON,12,456114.2691
15,1924,WASHINGTON,3,456229.0339
16,1924,WASHINGTON,1,456344.0435
17,1924,WASHINGTON,2,456459.3226
18,1924,WASHINGTON,0,456574.8961
19,1924,WASHINGTON,3,456690.7889
20,1924,WASHINGTON,2,456807.0257
21,1924,WASHINGTON,3,456923.6315
22,1924,WASHINGTON,0,457040.6311
23,1924,WASHINGTON,2,457158.0494
24,1924,WASHINGTON,0,457275.9112
25,1924,WASHINGTON,8,457394.2413
26,1924,WASHINGTON,7,457513.0646
1,1925,WASHINGTON,25,457632.406
2,1925,WASHINGTON,13,457752.2902
3,1925,WASHINGTON,19,457872.7423
4,1925,WASHINGTON,23,457993.787
5,1925,WASHINGTON,35,458115.4491
6,1925,WASHINGTON,68,458237.7535
7,1925,WASHINGTON,79,458360.7251
8,1925,WASHINGTON,98,458484.3888
9,1925,WASHINGTON,94,458608.7693
10,1925,WASHINGTON,65,458733.8915
11,1925,WASHINGTON,55,458859.7803
12,1925,WASHINGTON,53,458986.4606
13,1925,WASHINGTON,52,459113.9571
14,1925,WASHINGTON,38,459242.2947
15,1925,WASHINGTON,14,459371.4984
16,1925,WASHINGTON,7,459501.5928
17,1925,WASHINGTON,6,459632.603
18,1925,WASHINGTON,4,459764.5537
19,1925,WASHINGTON,4,459897.4697
20,1925,WASHINGTON,1,460031.3761
21,1925,WASHINGTON,4,460166.2975
22,1925,WASHINGTON,2,460302.2588
23,1925,WASHINGTON,6,460439.285
24,1925,WASHINGTON,7,460577.4008
25,1925,WASHINGTON,12,460716.6311
26,1925,WASHINGTON,16,460857.0007
1,1926,WASHINGTON,31,460998.5346
2,1926,WASHINGTON,58,461141.2575
3,1926,WASHINGTON,92,461285.1943
4,1926,WASHINGTON,153,461430.3699
5,1926,WASHINGTON,360,461576.8091
6,1926,WASHINGTON,848,461724.5367
7,1926,WASHINGTON,1007,461873.5777
8,1926,WASHINGTON,1200,462023.9568
9,1926,WASHINGTON,1114,462175.699
10,1926,WASHINGTON,780,462328.829
11,1926,WASHINGTON,496,462483.3717
12,1926,WASHINGTON,237,462639.3521
13,1926,WASHINGTON,122,462796.7948
14,1926,WASHINGTON,65,462955.7248
15,1926,WASHINGTON,20,463116.1669
16,1926,WASHINGTON,5,463278.146
17,1926,WASHINGTON,3,463441.687
18,1926,WASHINGTON,0,463606.8146
19,1926,WASHINGTON,2,463773.5538
20,1926,WASHINGTON,3,463941.9293
21,1926,WASHINGTON,0,464111.9661
22,1926,WASHINGTON,1,464283.689
23,1926,WASHINGTON,5,464457.1228
24,1926,WASHINGTON,2,464632.2924
25,1926,WASHINGTON,0,464809.2227
26,1926,WASHINGTON,2,464987.9384
1,1927,WASHINGTON,2,465168.4645
2,1927,WASHINGTON,5,465350.8258
3,1927,WASHINGTON,8,465535.0472
4,1927,WASHINGTON,8,465721.1534
5,1927,WASHINGTON,11,465909.1695
6,1927,WASHINGTON,11,466099.1201
7,1927,WASHINGTON,9,466291.0301
8,1927,WASHINGTON,14,466484.9245
9,1927,WASHINGTON,12,466680.8281
10,1927,WASHINGTON,9,466878.7656
11,1927,WASHINGTON,14,467078.7621
12,1927,WASHINGTON,5,467280.8422
13,1927,WASHINGTON,10,467485.0309
14,1927,WASHINGTON,9,467691.3531
15,1927,WASHINGTON,4,467899.8335
16,1927,WASHINGTON,0,468110.497
17,1927,WASHINGTON,1,468323.3685
18,1927,WASHINGTON,0,468538.4728
19,1927,WASHINGTON,3,468755.8348
20,1927,WASHINGTON,5,468975.4794
21,1927,WASHINGTON,2,469197.4313
22,1927,WASHINGTON,3,469421.7155
23,1927,WASHINGTON,3,469648.3567
24,1927,WASHINGTON,1,469877.3799
25,1927,WASHINGTON,5,470108.8099
26,1927,WASHINGTON,6,470342.6715
1,1928,WASHINGTON,10,470578.9896
2,1928,WASHINGTON,25,470817.789
3,1928,WASHINGTON,58,471059.0947
4,1928,WASHINGTON,115,471302.9314
5,1928,WASHINGTON,215,471549.3239
6,1928,WASHINGTON,380,471798.2973
7,1928,WASHINGTON,463,472049.8762
8,1928,WASHINGTON,347,472304.0856
9,1928,WASHINGTON,383,472560.9503
10,1928,WASHINGTON,415,472820.4952
11,1928,WASHINGTON,406,473082.7451
12,1928,WASHINGTON,207,473347.7248
13,1928,WASHINGTON,225,473615.4593
14,1928,WASHINGTON,52,473885.9733
15,1928,WASHINGTON,45,474159.2917
16,1928,WASHINGTON,23,474435.4394
17,1928,WASHINGTON,10,474714.4413
18,1928,WASHINGTON,0,474996.322
19,1928,WASHINGTON,4,475281.1067
20,1928,WASHINGTON,5,475568.82
21,1928,WASHINGTON,9,475859.4868
22,1928,WASHINGTON,2,476153.132
23,1928,WASHINGTON,4,476449.7804
24,1928,WASHINGTON,6,476749.4569
25,1928,WASHINGTON,1,477052.1864
26,1928,WASHINGTON,1,477357.9936
1,1929,WASHINGTON,3,477666.9035
2,1929,WASHINGTON,6,477978.9408
3,1929,WASHINGTON,6,478294.1305
4,1929,WASHINGTON,11,478612.4974
5,1929,WASHINGTON,25,478934.0663
6,1929,WASHINGTON,43,479258.8622
7,1929,WASHINGTON,39,479586.9098
8,1929,WASHINGTON,43,479918.2339
9,1929,WASHINGTON,26,480252.8596
10,1929,WASHINGTON,63,480590.8115
11,1929,WASHINGTON,28,480932.1146
12,1929,WASHINGTON,49,481276.7937
13,1929,WASHINGTON,26,481624.8736
14,1929,WASHINGTON,13,481976.3793
15,1929,WASHINGTON,5,482331.3355
16,1929,WASHINGTON,2,482689.7671
17,1929,WASHINGTON,2,483051.699
18,1929,WASHINGTON,2,483417.1561
19,1929,WASHINGTON,1,483786.1631
20,1929,WASHINGTON,5,484158.7449
21,1929,WASHINGTON,2,484534.9263
22,1929,WASHINGTON,3,484914.7323
23,1929,WASHINGTON,2,485298.1877
24,1929,WASHINGTON,2,485685.3173
25,1929,WASHINGTON,2,486076.146
26,1929,WASHINGTON,0,486470.6986
1,1930,WASHINGTON,4,486869
2,1930,WASHINGTON,5,487271.0677
3,1930,WASHINGTON,10,487676.8902
4,1930,WASHINGTON,24,488086.4485
5,1930,WASHINGTON,32,488499.7237
6,1930,WASHINGTON,15,488916.6969
7,1930,WASHINGTON,18,489337.3493
8,1930,WASHINGTON,38,489761.6619
9,1930,WASHINGTON,55,490189.6157
10,1930,WASHINGTON,107,490621.192
11,1930,WASHINGTON,108,491056.3718
12,1930,WASHINGTON,135,491495.1362
13,1930,WASHINGTON,113,491937.4662
14,1930,WASHINGTON,65,492383.3431
15,1930,WASHINGTON,40,492832.7479
16,1930,WASHINGTON,25,493285.6616
17,1930,WASHINGTON,14,493742.0654
18,1930,WASHINGTON,10,494201.9404
19,1930,WASHINGTON,9,494665.2677
20,1930,WASHINGTON,6,495132.0283
21,1930,WASHINGTON,3,495602.2034
22,1930,WASHINGTON,5,496075.7741
23,1930,WASHINGTON,7,496552.7215
24,1930,WASHINGTON,7,497033.0265
25,1930,WASHINGTON,6,497516.6705
26,1930,WASHINGTON,28,498003.6344
1,1931,WASHINGTON,28,498493.8993
2,1931,WASHINGTON,52,498987.4464
3,1931,WASHINGTON,95,499484.2567
4,1931,WASHINGTON,175,499984.3114
5,1931,WASHINGTON,307,500487.5915
6,1931,WASHINGTON,503,500994.0781
7,1931,WASHINGTON,700,501503.7523
8,1931,WASHINGTON,574,502016.5953
9,1931,WASHINGTON,606,502532.5881
10,1931,WASHINGTON,601,503051.7118
11,1931,WASHINGTON,309,503573.9475
12,1931,WASHINGTON,141,504099.2763
13,1931,WASHINGTON,50,504627.6793
14,1931,WASHINGTON,20,505159.1376
15,1931,WASHINGTON,9,505693.6323
16,1931,WASHINGTON,5,506231.1445
17,1931,WASHINGTON,2,506771.6553
18,1931,WASHINGTON,2,507315.1458
19,1931,WASHINGTON,1,507861.5971
20,1931,WASHINGTON,1,508410.9902
21,1931,WASHINGTON,2,508963.3064
22,1931,WASHINGTON,3,509518.5266
23,1931,WASHINGTON,3,510076.6319
24,1931,WASHINGTON,7,510637.6035
25,1931,WASHINGTON,2,511201.4225
26,1931,WASHINGTON,2,511768.07
1,1932,WASHINGTON,3,512337.527
2,1932,WASHINGTON,3,512909.7746
3,1932,WASHINGTON,5,513484.7941
4,1932,WASHINGTON,5,514062.5663
5,1932,WASHINGTON,3,514643.0725
6,1932,WASHINGTON,5,515226.2937
7,1932,WASHINGTON,12,515812.2111
8,1932,WASHINGTON,14,516400.8057
9,1932,WASHINGTON,38,516992.0586
10,1932,WASHINGTON,44,517585.9509
11,1932,WASHINGTON,38,518182.4638
12,1932,WASHINGTON,42,518781.5782
13,1932,WASHINGTON,20,519383.2754
14,1932,WASHINGTON,7,519987.5364
15,1932,WASHINGTON,6,520594.3423
16,1932,WASHINGTON,1,521203.6742
17,1932,WASHINGTON,2,521815.5132
18,1932,WASHINGTON,1,522429.8404
19,1932,WASHINGTON,3,523046.6369
20,1932,WASHINGTON,3,523665.8838
21,1932,WASHINGTON,3,524287.5622
22,1932,WASHINGTON,1,524911.6531
23,1932,WASHINGTON,1,525538.1377
24,1932,WASHINGTON,5,526166.9971
25,1932,WASHINGTON,2,526798.2124
26,1932,WASHINGTON,6,527431.7646
1,1933,WASHINGTON,9,528067.6349
2,1933,WASHINGTON,4,528705.8044
3,1933,WASHINGTON,5,529346.2541
4,1933,WASHINGTON,7,529988.9652
5,1933,WASHINGTON,8,530633.9187
6,1933,WASHINGTON,8,531281.0958
7,1933,WASHINGTON,10,531930.4775
8,1933,WASHINGTON,16,532582.0449
9,1933,WASHINGTON,27,533235.7792
10,1933,WASHINGTON,49,533891.6614
11,1933,WASHINGTON,40,534549.6726
12,1933,WASHINGTON,43,535209.794
13,1933,WASHINGTON,59,535872.0066
14,1933,WASHINGTON,33,536536.2915
15,1933,WASHINGTON,16,537202.6298
16,1933,WASHINGTON,12,537871.0026
17,1933,WASHINGTON,6,538541.3911
18,1933,WASHINGTON,2,539213.7762
19,1933,WASHINGTON,5,539888.1392
20,1933,WASHINGTON,2,540564.461
21,1933,WASHINGTON,2,541242.7228
22,1933,WASHINGTON,7,541922.9058
23,1933,WASHINGTON,18,542604.9909
24,1933,WASHINGTON,27,543288.9593
25,1933,WASHINGTON,56,543974.792
26,1933,WASHINGTON,63,544662.4703
1,1934,WASHINGTON,161,545351.9751
2,1934,WASHINGTON,293,546043.2876
3,1934,WASHINGTON,539,546736.3888
4,1934,WASHINGTON,886,547431.2599
5,1934,WASHINGTON,1069,548127.882
6,1934,WASHINGTON,1317,548826.2361
7,1934,WASHINGTON,971,549526.3034
8,1934,WASHINGTON,555,550228.0649
9,1934,WASHINGTON,268,550931.5018
10,1934,WASHINGTON,169,551636.5951
11,1934,WASHINGTON,81,552343.326
12,1934,WASHINGTON,48,553051.6755
13,1934,WASHINGTON,39,553761.6247
14,1934,WASHINGTON,19,554473.1547
15,1934,WASHINGTON,10,555186.2467
16,1934,WASHINGTON,3,555900.8817
17,1934,WASHINGTON,0,556617.0408
18,1934,WASHINGTON,1,557334.7051
19,1934,WASHINGTON,2,558053.8557
20,1934,WASHINGTON,2,558774.4737
21,1934,WASHINGTON,3,559496.5402
22,1934,WASHINGTON,5,560220.0364
23,1934,WASHINGTON,2,560944.9432
24,1934,WASHINGTON,3,561671.2418
25,1934,WASHINGTON,10,562398.9133
26,1934,WASHINGTON,5,563127.9388
1,1935,WASHINGTON,19,563858.2994
2,1935,WASHINGTON,100,564589.9761
3,1935,WASHINGTON,18,565322.9501
4,1935,WASHINGTON,18,566057.2025
5,1935,WASHINGTON,45,566792.7144
6,1935,WASHINGTON,126,567529.4668
7,1935,WASHINGTON,124,568267.4409
8,1935,WASHINGTON,142,569006.6177
9,1935,WASHINGTON,116,569746.9784
10,1935,WASHINGTON,122,570488.504
11,1935,WASHINGTON,94,571231.1757
12,1935,WASHINGTON,64,571974.9745
13,1935,WASHINGTON,21,572719.8816
14,1935,WASHINGTON,30,573465.878
15,1935,WASHINGTON,10,574212.9449
16,1935,WASHINGTON,3,574961.0632
17,1935,WASHINGTON,8,575710.2142
18,1935,WASHINGTON,0,576460.3789
19,1935,WASHINGTON,0,577211.5384
20,1935,WASHINGTON,1,577963.6739
21,1935,WASHINGTON,1,578716.7663
22,1935,WASHINGTON,0,579470.7969
23,1935,WASHINGTON,3,580225.7467
24,1935,WASHINGTON,3,580981.5967
25,1935,WASHINGTON,6,581738.3282
26,1935,WASHINGTON,1,582495.9221
1,1936,WASHINGTON,7,583254.3597
2,1936,WASHINGTON,15,584013.6219
3,1936,WASHINGTON,13,584773.6899
4,1936,WASHINGTON,29,585534.5448
5,1936,WASHINGTON,41,586296.1677
6,1936,WASHINGTON,100,587058.5396
7,1936,WASHINGTON,91,587821.6417
8,1936,WASHINGTON,136,588585.4551
9,1936,WASHINGTON,247,589349.9609
10,1936,WASHINGTON,373,590115.14
11,1936,WASHINGTON,309,590880.9738
12,1936,WASHINGTON,225,591647.4432
13,1936,WASHINGTON,240,592414.5293
14,1936,WASHINGTON,108,593182.2133
15,1936,WASHINGTON,70,593950.4763
16,1936,WASHINGTON,27,594719.2992
17,1936,WASHINGTON,7,595488.6634
18,1936,WASHINGTON,5,596258.5497
19,1936,WASHINGTON,0,597028.9393
20,1936,WASHINGTON,4,597799.8134
21,1936,WASHINGTON,8,598571.153
22,1936,WASHINGTON,12,599342.9393
23,1936,WASHINGTON,5,600115.1532
24,1936,WASHINGTON,5,600887.7759
25,1936,WASHINGTON,8,601660.7886
26,1936,WASHINGTON,11,602434.1722
1,1937,WASHINGTON,39,603207.908
2,1937,WASHINGTON,60,603981.9769
3,1937,WASHINGTON,64,604756.3602
4,1937,WASHINGTON,138,605531.0388
5,1937,WASHINGTON,181,606305.9939
6,1937,WASHINGTON,173,607081.2066
7,1937,WASHINGTON,185,607856.658
8,1937,WASHINGTON,201,608632.3291
9,1937,WASHINGTON,178,609408.2011
10,1937,WASHINGTON,211,610184.2551
11,1937,WASHINGTON,256,610960.4721
12,1937,WASHINGTON,186,611736.8333
13,1937,WASHINGTON,85,612513.3198
14,1937,WASHINGTON,67,613289.9126
15,1937,WASHINGTON,26,614066.5929
16,1937,WASHINGTON,9,614843.3417
17,1937,WASHINGTON,8,615620.1401
18,1937,WASHINGTON,6,616396.9693
19,1937,WASHINGTON,0,617173.8103
20,1937,WASHINGTON,4,617950.6443
21,1937,WASHINGTON,4,618727.4523
22,1937,WASHINGTON,4,619504.2154
23,1937,WASHINGTON,6,620280.9147
24,1937,WASHINGTON,6,621057.5314
25,1937,WASHINGTON,12,621834.0464
26,1937,WASHINGTON,16,622610.441
1,1938,WASHINGTON,21,623386.6962
2,1938,WASHINGTON,24,624162.7931
3,1938,WASHINGTON,24,624938.7128
4,1938,WASHINGTON,10,625714.4363
5,1938,WASHINGTON,17,626489.9449
6,1938,WASHINGTON,29,627265.2196
7,1938,WASHINGTON,44,628040.2414
8,1938,WASHINGTON,42,628814.9916
9,1938,WASHINGTON,33,629589.4511
10,1938,WASHINGTON,29,630363.6011
11,1938,WASHINGTON,63,631137.4226
12,1938,WASHINGTON,44,631910.8969
13,1938,WASHINGTON,41,632684.0049
14,1938,WASHINGTON,22,633456.7277
15,1938,WASHINGTON,10,634229.0465
16,1938,WASHINGTON,8,635000.9424
17,1938,WASHINGTON,4,635772.3964
18,1938,WASHINGTON,3,636543.3897
19,1938,WASHINGTON,2,637313.9033
20,1938,WASHINGTON,7,638083.9184
21,1938,WASHINGTON,3,638853.416
22,1938,WASHINGTON,1,639622.3772
23,1938,WASHINGTON,4,640390.7832
24,1938,WASHINGTON,3,641158.6149
25,1938,WASHINGTON,1,641925.8536
26,1938,WASHINGTON,4,642692.4804
1,1939,WASHINGTON,14,643458.4762
2,1939,WASHINGTON,27,644223.8223
3,1939,WASHINGTON,39,644988.4996
4,1939,WASHINGTON,29,645752.4894
5,1939,WASHINGTON,31,646515.7727
6,1939,WASHINGTON,107,647278.3305
7,1939,WASHINGTON,291,648040.1441
8,1939,WASHINGTON,557,648801.1945
9,1939,WASHINGTON,606,649561.4627
10,1939,WASHINGTON,803,650320.9299
11,1939,WASHINGTON,650,651079.5773
12,1939,WASHINGTON,325,651837.3857
13,1939,WASHINGTON,173,652594.3365
14,1939,WASHINGTON,82,653350.4106
15,1939,WASHINGTON,23,654105.5892
16,1939,WASHINGTON,13,654859.8534
17,1939,WASHINGTON,8,655613.1842
18,1939,WASHINGTON,3,656365.5628
19,1939,WASHINGTON,1,657116.9702
20,1939,WASHINGTON,1,657867.3876
21,1939,WASHINGTON,2,658616.7961
22,1939,WASHINGTON,2,659365.1766
23,1939,WASHINGTON,1,660112.5104
24,1939,WASHINGTON,6,660858.7786
25,1939,WASHINGTON,1,661603.9622
26,1939,WASHINGTON,2,662348.0423
1,1940,WASHINGTON,1,663091
2,1940,WASHINGTON,8,663832.8187
3,1940,WASHINGTON,0,664573.4909
4,1940,WASHINGTON,4,665313.0114
5,1940,WASHINGTON,2,666051.3748
6,1940,WASHINGTON,6,666788.576
7,1940,WASHINGTON,2,667524.6097
8,1940,WASHINGTON,7,668259.4706
9,1940,WASHINGTON,4,668993.1536
10,1940,WASHINGTON,8,669725.6533
11,1940,WASHINGTON,6,670456.9646
12,1940,WASHINGTON,8,671187.0822
13,1940,WASHINGTON,4,671916.0008
14,1940,WASHINGTON,3,672643.7152
15,1940,WASHINGTON,3,673370.2202
16,1940,WASHINGTON,3,674095.5105
17,1940,WASHINGTON,3,674819.5808
18,1940,WASHINGTON,4,675542.426
19,1940,WASHINGTON,0,676264.0408
20,1940,WASHINGTON,2,676984.4199
21,1940,WASHINGTON,2,677703.5581
22,1940,WASHINGTON,5,678421.4502
23,1940,WASHINGTON,1,679138.0909
24,1940,WASHINGTON,4,679853.4749
25,1940,WASHINGTON,0,680567.5971
26,1940,WASHINGTON,8,681280.4522
1,1941,WASHINGTON,6,681992.0349
2,1941,WASHINGTON,9,682702.34
3,1941,WASHINGTON,28,683411.3623
4,1941,WASHINGTON,90,684119.0964
5,1941,WASHINGTON,156,684825.5373
6,1941,WASHINGTON,413,685530.6795
7,1941,WASHINGTON,604,686234.5179
8,1941,WASHINGTON,687,686937.0473
9,1941,WASHINGTON,564,687638.2624
10,1941,WASHINGTON,508,688338.1579
11,1941,WASHINGTON,422,689036.7286
12,1941,WASHINGTON,383,689733.9693
13,1941,WASHINGTON,191,690429.8747
14,1941,WASHINGTON,97,691124.4396
15,1941,WASHINGTON,44,691817.6588
16,1941,WASHINGTON,22,692509.5269
17,1941,WASHINGTON,13,693200.0387
18,1941,WASHINGTON,12,693889.1891
19,1941,WASHINGTON,6,694576.9727
20,1941,WASHINGTON,6,695263.3844
21,1941,WASHINGTON,11,695948.4188
22,1941,WASHINGTON,1,696632.0708
23,1941,WASHINGTON,2,697314.335
24,1941,WASHINGTON,6,697995.2063
25,1941,WASHINGTON,6,698674.6794
26,1941,WASHINGTON,5,699352.749
1,1942,WASHINGTON,13,700029.41
2,1942,WASHINGTON,28,700704.657
3,1942,WASHINGTON,0,701378.4849
4,1942,WASHINGTON,78,702050.8883
5,1942,WASHINGTON,97,702721.8621
6,1942,WASHINGTON,171,703391.401
7,1942,WASHINGTON,225,704059.4998
8,1942,WASHINGTON,194,704726.1531
9,1942,WASHINGTON,205,705391.3558
10,1942,WASHINGTON,203,706055.1027
11,1942,WASHINGTON,109,706717.3884
12,1942,WASHINGTON,88,707378.2078
13,1942,WASHINGTON,67,708037.5556
14,1942,WASHINGTON,24,708695.4265
15,1942,WASHINGTON,10,709351.8153
16,1942,WASHINGTON,3,710006.7168
17,1942,WASHINGTON,5,710660.1258
18,1942,WASHINGTON,5,711312.0369
19,1942,WASHINGTON,2,711962.4449
20,1942,WASHINGTON,2,712611.3447
21,1942,WASHINGTON,0,713258.7308
22,1942,WASHINGTON,0,713904.5982
23,1942,WASHINGTON,4,714548.9416
24,1942,WASHINGTON,6,715191.7557
25,1942,WASHINGTON,5,715833.0352
26,1942,WASHINGTON,4,716472.775
1,1943,WASHINGTON,22,717110.9698
2,1943,WASHINGTON,68,717747.6143
3,1943,WASHINGTON,118,718382.7033
4,1943,WASHINGTON,174,719016.2316
5,1943,WASHINGTON,188,719648.1939
6,1943,WASHINGTON,191,720278.585
7,1943,WASHINGTON,132,720907.3996
8,1943,WASHINGTON,161,721534.6325
9,1943,WASHINGTON,77,722160.2785
10,1943,WASHINGTON,242,722784.3322
11,1943,WASHINGTON,176,723406.7885
12,1943,WASHINGTON,163,724027.6422
13,1943,WASHINGTON,115,724646.8878
14,1943,WASHINGTON,72,725264.5204
15,1943,WASHINGTON,54,725880.5345
16,1943,WASHINGTON,29,726494.9249
17,1943,WASHINGTON,12,727107.6865
18,1943,WASHINGTON,7,727718.8139
19,1943,WASHINGTON,1,728328.3019
20,1943,WASHINGTON,2,728936.1453
21,1943,WASHINGTON,2,729542.3388
22,1943,WASHINGTON,10,730146.8772
23,1943,WASHINGTON,21,730749.7552
24,1943,WASHINGTON,17,731350.9676
25,1943,WASHINGTON,64,731950.5092
26,1943,WASHINGTON,64,732548.3747
1,1944,WASHINGTON,60,733144.5588
2,1944,WASHINGTON,96,733739.0564
3,1944,WASHINGTON,111,734331.8622
4,1944,WASHINGTON,233,734922.9708
5,1944,WASHINGTON,286,735512.3772
6,1944,WASHINGTON,282,736100.0761
7,1944,WASHINGTON,280,736686.0621
8,1944,WASHINGTON,433,737270.3301
9,1944,WASHINGTON,408,737852.8748
10,1944,WASHINGTON,372,738433.691
11,1944,WASHINGTON,235,739012.7735
12,1944,WASHINGTON,209,739590.1169
13,1944,WASHINGTON,76,740165.716
14,1944,WASHINGTON,52,740739.5657
15,1944,WASHINGTON,15,741311.6606
16,1944,WASHINGTON,13,741881.9956
17,1944,WASHINGTON,5,742450.5653
18,1944,WASHINGTON,3,743017.3646
19,1944,WASHINGTON,1,743582.3881
20,1944,WASHINGTON,2,744145.6307
21,1944,WASHINGTON,3,744707.0871
22,1944,WASHINGTON,4,745266.752
23,1944,WASHINGTON,3,745824.6203
24,1944,WASHINGTON,4,746380.6866
25,1944,WASHINGTON,6,746934.9458
26,1944,WASHINGTON,5,747487.3925
1,1945,WASHINGTON,16,748038.0216
2,1945,WASHINGTON,9,748586.8278
3,1945,WASHINGTON,12,749133.8058
4,1945,WASHINGTON,16,749678.9505
5,1945,WASHINGTON,20,750222.2565
6,1945,WASHINGTON,29,750763.7186
7,1945,WASHINGTON,13,751303.3317
8,1945,WASHINGTON,16,751841.0903
9,1945,WASHINGTON,14,752376.9894
10,1945,WASHINGTON,15,752911.0236
11,1945,WASHINGTON,12,753443.1877
12,1945,WASHINGTON,4,753973.4765
13,1945,WASHINGTON,5,754501.8847
14,1945,WASHINGTON,2,755028.4071
15,1945,WASHINGTON,0,755553.0384
16,1945,WASHINGTON,1,756075.7734
17,1945,WASHINGTON,0,756596.6069
18,1945,WASHINGTON,0,757115.5335
19,1945,WASHINGTON,2,757632.5482
20,1945,WASHINGTON,1,758147.6455
21,1945,WASHINGTON,2,758660.8203
22,1945,WASHINGTON,5,759172.0674
23,1945,WASHINGTON,3,759681.3814
24,1945,WASHINGTON,3,760188.7572
25,1945,WASHINGTON,3,760694.1895
26,1945,WASHINGTON,4,761197.6731
1,1946,WASHINGTON,16,761699.2027
2,1946,WASHINGTON,18,762198.773
3,1946,WASHINGTON,36,762696.3789
4,1946,WASHINGTON,90,763192.0151
5,1946,WASHINGTON,276,763685.6763
6,1946,WASHINGTON,393,764177.3573
7,1946,WASHINGTON,635,764667.0528
8,1946,WASHINGTON,481,765154.7577
9,1946,WASHINGTON,811,765640.4667
10,1946,WASHINGTON,670,766124.1745
11,1946,WASHINGTON,387,766605.8758
12,1946,WASHINGTON,264,767085.5655
13,1946,WASHINGTON,155,767563.2383
14,1946,WASHINGTON,74,768038.889
15,1946,WASHINGTON,44,768512.5122
16,1946,WASHINGTON,23,768984.1029
17,1946,WASHINGTON,14,769453.6556
18,1946,WASHINGTON,4,769921.1653
19,1946,WASHINGTON,9,770386.6265
20,1946,WASHINGTON,9,770850.0342
21,1946,WASHINGTON,2,771311.383
22,1946,WASHINGTON,9,771770.6678
23,1946,WASHINGTON,4,772227.8832
24,1946,WASHINGTON,2,772683.024
25,1946,WASHINGTON,28,773136.085
26,1946,WASHINGTON,34,773587.0609
1,1947,WASHINGTON,50,774035.9465
2,1947,WASHINGTON,35,774482.7366
3,1947,WASHINGTON,36,774927.4259
4,1947,WASHINGTON,24,775370.0091
5,1947,WASHINGTON,27,775810.4811
6,1947,WASHINGTON,51,776248.8365
7,1947,WASHINGTON,49,776685.0702
8,1947,WASHINGTON,68,777119.1768
9,1947,WASHINGTON,57,777551.1512
10,1947,WASHINGTON,19,777980.9881
11,1947,WASHINGTON,19,778408.6823
12,1947,WASHINGTON,13,778834.2285
13,1947,WASHINGTON,16,779257.6214
14,1947,WASHINGTON,11,779678.8559
15,1947,WASHINGTON,3,780097.9267
16,1947,WASHINGTON,5,780514.8285
17,1947,WASHINGTON,10,780929.5561
18,1947,WASHINGTON,10,781342.1043
19,1947,WASHINGTON,2,781752.4677
20,1947,WASHINGTON,3,782160.6413
21,1947,WASHINGTON,8,782566.6197
22,1947,WASHINGTON,6,782970.3976
23,1947,WASHINGTON,3,783371.9699
24,1947,WASHINGTON,7,783771.3313
25,1947,WASHINGTON,16,784168.4766
26,1947,WASHINGTON,30,784563.4005
1,1948,WASHINGTON,93,784956.0977
2,1948,WASHINGTON,96,785346.563
3,1948,WASHINGTON,177,785734.7913
4,1948,WASHINGTON,290,786120.7771
5,1948,WASHINGTON,334,786504.5154
6,1948,WASHINGTON,283,786886.0008
7,1948,WASHINGTON,245,787265.2282
8,1948,WASHINGTON,321,787642.1921
9,1948,WASHINGTON,247,788016.8876
10,1948,WASHINGTON,239,788389.3091
11,1948,WASHINGTON,267,788759.4517
12,1948,WASHINGTON,160,789127.3099
13,1948,WASHINGTON,96,789492.8785
14,1948,WASHINGTON,NA,789856.1524
15,1948,WASHINGTON,NA,790217.1262
16,1948,WASHINGTON,NA,790575.7948
17,1948,WASHINGTON,NA,790932.1528
18,1948,WASHINGTON,NA,791286.1951
19,1948,WASHINGTON,NA,791637.9163
20,1948,WASHINGTON,NA,791987.3113
21,1948,WASHINGTON,NA,792334.3748
22,1948,WASHINGTON,NA,792679.1015
23,1948,WASHINGTON,NA,793021.4863
24,1948,WASHINGTON,NA,793361.5239
25,1948,WASHINGTON,NA,793699.2089
26,1948,WASHINGTON,NA,794034.5363
