1,1906,DENVER,NA,180658.0606
2,1906,DENVER,NA,180997.4863
3,1906,DENVER,NA,181336.8165
4,1906,DENVER,NA,181676.04
5,1906,DENVER,NA,182015.1455
6,1906,DENVER,NA,182354.1216
7,1906,DENVER,NA,182692.9569
8,1906,DENVER,NA,183031.6401
9,1906,DENVER,NA,183370.1598
10,1906,DENVER,NA,183708.5048
11,1906,DENVER,NA,184046.6636
12,1906,DENVER,NA,184384.6249
13,1906,DENVER,NA,184722.3774
14,1906,DENVER,NA,185059.9097
15,1906,DENVER,NA,185397.2104
16,1906,DENVER,NA,185734.2683
17,1906,DENVER,NA,186071.0719
18,1906,DENVER,NA,186407.6099
19,1906,DENVER,NA,186743.871
20,1906,DENVER,NA,187079.8438
21,1906,DENVER,NA,187415.517
22,1906,DENVER,NA,187750.8792
23,1906,DENVER,NA,188085.919
24,1906,DENVER,NA,188420.6252
25,1906,DENVER,NA,188754.9864
26,1906,DENVER,NA,189088.9912
1,1907,DENVER,NA,189422.6283
2,1907,DENVER,NA,189755.8863
3,1907,DENVER,NA,190088.7539
4,1907,DENVER,NA,190421.2197
5,1907,DENVER,NA,190753.2724
6,1907,DENVER,NA,191084.9006
7,1907,DENVER,NA,191416.0931
8,1907,DENVER,NA,191746.8384
9,1907,DENVER,NA,192077.1251
10,1907,DENVER,NA,192406.9421
11,1907,DENVER,NA,192736.2778
12,1907,DENVER,NA,193065.121
13,1907,DENVER,NA,193393.4602
14,1907,DENVER,NA,193721.2842
15,1907,DENVER,NA,194048.5817
16,1907,DENVER,NA,194375.3411
17,1907,DENVER,NA,194701.5513
18,1907,DENVER,NA,195027.2009
19,1907,DENVER,NA,195352.2784
20,1907,DENVER,NA,195676.7727
21,1907,DENVER,NA,196000.6722
22,1907,DENVER,NA,196323.9657
23,1907,DENVER,NA,196646.6418
24,1907,DENVER,NA,196968.6892
25,1907,DENVER,NA,197290.0965
26,1907,DENVER,NA,197610.8524
1,1908,DENVER,NA,197930.9455
2,1908,DENVER,NA,198250.3645
3,1908,DENVER,NA,198569.098
4,1908,DENVER,NA,198887.1347
5,1908,DENVER,NA,199204.4632
6,1908,DENVER,NA,199521.0722
7,1908,DENVER,NA,199836.9503
8,1908,DENVER,NA,200152.0863
9,1908,DENVER,NA,200466.4686
10,1908,DENVER,NA,200780.0861
11,1908,DENVER,NA,201092.9273
12,1908,DENVER,NA,201404.9809
13,1908,DENVER,NA,201716.2355
14,1908,DENVER,NA,202026.6798
15,1908,DENVER,NA,202336.3025
16,1908,DENVER,NA,202645.0922
17,1908,DENVER,NA,202953.0375
18,1908,DENVER,NA,203260.1272
19,1908,DENVER,NA,203566.3498
20,1908,DENVER,NA,203871.694
21,1908,DENVER,NA,204176.1484
22,1908,DENVER,NA,204479.7018
23,1908,DENVER,NA,204782.3427
24,1908,DENVER,NA,205084.0599
25,1908,DENVER,NA,205384.8419
26,1908,DENVER,NA,205684.6774
1,1909,DENVER,NA,205983.5551
2,1909,DENVER,NA,206281.4637
3,1909,DENVER,NA,206578.3916
4,1909,DENVER,NA,206874.3278
5,1909,DENVER,NA,207169.2607
6,1909,DENVER,NA,207463.179
7,1909,DENVER,NA,207756.0714
8,1909,DENVER,NA,208047.9265
9,1909,DENVER,NA,208338.7331
10,1909,DENVER,NA,208628.4796
11,1909,DENVER,NA,208917.1549
12,1909,DENVER,NA,209204.7474
13,1909,DENVER,NA,209491.246
14,1909,DENVER,NA,209776.6392
15,1909,DENVER,NA,210060.9157
16,1909,DENVER,NA,210344.0642
17,1909,DENVER,NA,210626.0733
18,1909,DENVER,NA,210906.9316
19,1909,DENVER,NA,211186.6278
20,1909,DENVER,18,211465.1505
21,1909,DENVER,8,211742.4885
22,1909,DENVER,NA,212018.6303
23,1909,DENVER,NA,212293.5646
24,1909,DENVER,NA,212567.2801
25,1909,DENVER,NA,212839.7654
26,1909,DENVER,NA,213111.0091
1,1910,DENVER,NA,213381
2,1910,DENVER,NA,213649.7294
3,1910,DENVER,NA,213917.2
4,1910,DENVER,NA,214183.4172
5,1910,DENVER,NA,214448.3863
6,1910,DENVER,NA,214712.1127
7,1910,DENVER,NA,214974.6019
8,1910,DENVER,NA,215235.8593
9,1910,DENVER,NA,215495.8902
10,1910,DENVER,NA,215754.7
11,1910,DENVER,NA,216012.2941
12,1910,DENVER,NA,216268.678
13,1910,DENVER,NA,216523.857
14,1910,DENVER,NA,216777.8365
15,1910,DENVER,NA,217030.622
16,1910,DENVER,NA,217282.2188
17,1910,DENVER,NA,217532.6322
18,1910,DENVER,NA,217781.8678
19,1910,DENVER,NA,218029.9309
20,1910,DENVER,NA,218276.8268
21,1910,DENVER,NA,218522.5611
22,1910,DENVER,NA,218767.1391
23,1910,DENVER,NA,219010.5661
24,1910,DENVER,NA,219252.8476
25,1910,DENVER,NA,219493.9891
26,1910,DENVER,NA,219733.9957
1,1911,DENVER,NA,219972.8731
2,1911,DENVER,NA,220210.6265
3,1911,DENVER,NA,220447.2614
4,1911,DENVER,NA,220682.7832
5,1911,DENVER,NA,220917.1972
6,1911,DENVER,636,221150.5088
7,1911,DENVER,402,221382.7235
8,1911,DENVER,122,221613.8467
9,1911,DENVER,108,221843.8837
10,1911,DENVER,66,222072.8399
11,1911,DENVER,30,222300.7208
12,1911,DENVER,11,222527.5317
13,1911,DENVER,9,222753.278
14,1911,DENVER,4,222977.9652
15,1911,DENVER,8,223201.5985
16,1911,DENVER,2,223424.1835
17,1911,DENVER,NA,223645.7255
18,1911,DENVER,NA,223866.2299
19,1911,DENVER,NA,224085.7021
20,1911,DENVER,NA,224304.1475
21,1911,DENVER,2,224521.5715
22,1911,DENVER,2,224737.9795
23,1911,DENVER,6,224953.3769
24,1911,DENVER,NA,225167.769
25,1911,DENVER,8,225381.1614
26,1911,DENVER,5,225593.5593
1,1912,DENVER,6,225804.9682
2,1912,DENVER,9,226015.3935
3,1912,DENVER,8,226224.8405
4,1912,DENVER,8,226433.3147
5,1912,DENVER,6,226640.8215
6,1912,DENVER,8,226847.3662
7,1912,DENVER,4,227052.9542
8,1912,DENVER,4,227257.5911
9,1912,DENVER,NA,227461.282
10,1912,DENVER,8,227664.0325
11,1912,DENVER,16,227865.8479
12,1912,DENVER,NA,228066.7337
13,1912,DENVER,NA,228266.6952
14,1912,DENVER,NA,228465.7378
15,1912,DENVER,NA,228663.8669
16,1912,DENVER,NA,228861.088
17,1912,DENVER,NA,229057.4063
18,1912,DENVER,NA,229252.8274
19,1912,DENVER,NA,229447.3566
20,1912,DENVER,NA,229640.9992
21,1912,DENVER,NA,229833.7608
22,1912,DENVER,NA,230025.6467
23,1912,DENVER,NA,230216.6623
24,1912,DENVER,NA,230406.8129
25,1912,DENVER,NA,230596.104
26,1912,DENVER,NA,230784.5411
1,1913,DENVER,NA,230972.1293
2,1913,DENVER,NA,231158.8743
3,1913,DENVER,NA,231344.7813
4,1913,DENVER,NA,231529.8558
5,1913,DENVER,NA,231714.1032
6,1913,DENVER,NA,231897.5288
7,1913,DENVER,NA,232080.138
8,1913,DENVER,NA,232261.9363
9,1913,DENVER,NA,232442.9291
10,1913,DENVER,NA,232623.1217
11,1913,DENVER,NA,232802.5195
12,1913,DENVER,NA,232981.128
13,1913,DENVER,NA,233158.9525
14,1913,DENVER,NA,233335.9984
15,1913,DENVER,NA,233512.2711
16,1913,DENVER,NA,233687.7761
17,1913,DENVER,NA,233862.5187
18,1913,DENVER,NA,234036.5043
19,1913,DENVER,NA,234209.7383
20,1913,DENVER,NA,234382.2261
21,1913,DENVER,NA,234553.9731
22,1913,DENVER,NA,234724.9847
23,1913,DENVER,NA,234895.2662
24,1913,DENVER,NA,235064.8232
25,1913,DENVER,NA,235233.661
26,1913,DENVER,NA,235401.7849
1,1914,DENVER,NA,235569.2004
2,1914,DENVER,NA,235735.9129
3,1914,DENVER,NA,235901.9278
4,1914,DENVER,NA,236067.2504
5,1914,DENVER,NA,236231.8862
6,1914,DENVER,NA,236395.8406
7,1914,DENVER,NA,236559.1189
8,1914,DENVER,NA,236721.7265
9,1914,DENVER,NA,236883.6689
10,1914,DENVER,NA,237044.9515
11,1914,DENVER,NA,237205.5795
12,1914,DENVER,NA,237365.5586
13,1914,DENVER,NA,237524.8939
14,1914,DENVER,NA,237683.591
15,1914,DENVER,NA,237841.6552
16,1914,DENVER,NA,237999.0919
17,1914,DENVER,NA,238155.9065
18,1914,DENVER,NA,238312.1045
19,1914,DENVER,NA,238467.6912
20,1914,DENVER,NA,238622.6719
21,1914,DENVER,NA,238777.0522
22,1914,DENVER,NA,238930.8374
23,1914,DENVER,NA,239084.0328
24,1914,DENVER,NA,239236.644
25,1914,DENVER,NA,239388.6762
26,1914,DENVER,NA,239540.1349
1,1915,DENVER,NA,239691.0255
2,1915,DENVER,NA,239841.3534
3,1915,DENVER,NA,239991.1239
4,1915,DENVER,NA,240140.3425
5,1915,DENVER,NA,240289.0146
6,1915,DENVER,NA,240437.1456
7,1915,DENVER,NA,240584.7408
8,1915,DENVER,NA,240731.8056
9,1915,DENVER,NA,240878.3455
10,1915,DENVER,NA,241024.3658
11,1915,DENVER,NA,241169.872
12,1915,DENVER,NA,241314.8694
13,1915,DENVER,NA,241459.3635
14,1915,DENVER,NA,241603.3595
15,1915,DENVER,NA,241746.8631
16,1915,DENVER,NA,241889.8794
17,1915,DENVER,NA,242032.4139
18,1915,DENVER,NA,242174.4721
19,1915,DENVER,NA,242316.0593
20,1915,DENVER,NA,242457.1808
21,1915,DENVER,NA,242597.8422
22,1915,DENVER,NA,242738.0488
23,1915,DENVER,NA,242877.806
24,1915,DENVER,16,243017.1191
25,1915,DENVER,NA,243155.9937
26,1915,DENVER,NA,243294.435
1,1916,DENVER,NA,243432.4486
2,1916,DENVER,NA,243570.0397
3,1916,DENVER,NA,243707.2137
4,1916,DENVER,NA,243843.9762
5,1916,DENVER,NA,243980.3324
6,1916,DENVER,NA,244116.2877
7,1916,DENVER,NA,244251.8477
8,1916,DENVER,NA,244387.0175
9,1916,DENVER,NA,244521.8028
10,1916,DENVER,NA,244656.2088
11,1916,DENVER,NA,244790.2409
12,1916,DENVER,NA,244923.9045
13,1916,DENVER,NA,245057.2051
14,1916,DENVER,40,245190.1481
15,1916,DENVER,40,245322.7387
16,1916,DENVER,10,245454.9825
17,1916,DENVER,4,245586.8848
18,1916,DENVER,2,245718.451
19,1916,DENVER,2,245849.6865
20,1916,DENVER,4,245980.5968
21,1916,DENVER,5,246111.1871
22,1916,DENVER,6,246241.4629
23,1916,DENVER,8,246371.4297
24,1916,DENVER,28,246501.0927
25,1916,DENVER,68,246630.4574
26,1916,DENVER,97,246759.5292
1,1917,DENVER,78,246888.3135
2,1917,DENVER,166,247016.8157
3,1917,DENVER,324,247145.0412
4,1917,DENVER,703,247272.9953
5,1917,DENVER,956,247400.6835
6,1917,DENVER,1039,247528.1111
7,1917,DENVER,764,247655.2836
8,1917,DENVER,395,247782.2064
9,1917,DENVER,275,247908.8848
10,1917,DENVER,176,248035.3242
11,1917,DENVER,147,248161.5302
12,1917,DENVER,91,248287.5079
13,1917,DENVER,42,248413.2629
14,1917,DENVER,16,248538.8005
15,1917,DENVER,10,248664.1262
16,1917,DENVER,58,248789.2452
17,1917,DENVER,17,248914.1631
18,1917,DENVER,8,249038.8852
19,1917,DENVER,6,249163.417
20,1917,DENVER,8,249287.7637
21,1917,DENVER,4,249411.9308
22,1917,DENVER,11,249535.9238
23,1917,DENVER,3,249659.7479
24,1917,DENVER,7,249783.4087
25,1917,DENVER,8,249906.9114
26,1917,DENVER,21,250030.2615
1,1918,DENVER,68,250153.4644
2,1918,DENVER,179,250276.5255
3,1918,DENVER,364,250399.4502
4,1918,DENVER,470,250522.2438
5,1918,DENVER,474,250644.9118
6,1918,DENVER,408,250767.4596
7,1918,DENVER,244,250889.8925
8,1918,DENVER,119,251012.216
9,1918,DENVER,109,251134.4355
10,1918,DENVER,69,251256.5563
11,1918,DENVER,42,251378.5838
12,1918,DENVER,52,251500.5235
13,1918,DENVER,30,251622.3807
14,1918,DENVER,20,251744.1609
15,1918,DENVER,4,251865.8694
16,1918,DENVER,6,251987.5116
17,1918,DENVER,NA,252109.0929
18,1918,DENVER,NA,252230.6188
19,1918,DENVER,2,252352.0945
20,1918,DENVER,NA,252473.5256
21,1918,DENVER,NA,252594.9174
22,1918,DENVER,2,252716.2753
23,1918,DENVER,3,252837.6047
24,1918,DENVER,NA,252958.911
25,1918,DENVER,5,253080.1996
26,1918,DENVER,2,253201.4759
1,1919,DENVER,6,253322.7453
2,1919,DENVER,2,253444.0131
3,1919,DENVER,4,253565.2849
4,1919,DENVER,4,253686.5659
5,1919,DENVER,2,253807.8615
6,1919,DENVER,4,253929.1773
7,1919,DENVER,12,254050.5185
8,1919,DENVER,6,254171.8905
9,1919,DENVER,4,254293.2989
10,1919,DENVER,35,254414.7488
11,1919,DENVER,48,254536.2458
12,1919,DENVER,45,254657.7953
13,1919,DENVER,64,254779.4026
14,1919,DENVER,35,254901.0732
15,1919,DENVER,15,255022.8123
16,1919,DENVER,4,255144.6255
17,1919,DENVER,4,255266.5182
18,1919,DENVER,2,255388.4956
19,1919,DENVER,3,255510.5633
20,1919,DENVER,2,255632.7266
21,1919,DENVER,2,255754.9908
22,1919,DENVER,3,255877.3615
23,1919,DENVER,2,255999.844
24,1919,DENVER,2,256122.4437
25,1919,DENVER,4,256245.166
26,1919,DENVER,3,256368.0163
1,1920,DENVER,12,256491
2,1920,DENVER,19,256614.1213
3,1920,DENVER,56,256737.3795
4,1920,DENVER,96,256860.7729
5,1920,DENVER,99,256984.2996
6,1920,DENVER,172,257107.9578
7,1920,DENVER,341,257231.7458
8,1920,DENVER,280,257355.6617
9,1920,DENVER,273,257479.7036
10,1920,DENVER,359,257603.8698
11,1920,DENVER,301,257728.1585
12,1920,DENVER,233,257852.5678
13,1920,DENVER,166,257977.0959
14,1920,DENVER,36,258101.7411
15,1920,DENVER,19,258226.5014
16,1920,DENVER,6,258351.3752
17,1920,DENVER,12,258476.3605
18,1920,DENVER,10,258601.4556
19,1920,DENVER,5,258726.6586
20,1920,DENVER,8,258851.9677
21,1920,DENVER,14,258977.3811
22,1920,DENVER,102,259102.8971
23,1920,DENVER,124,259228.5137
24,1920,DENVER,146,259354.2292
25,1920,DENVER,270,259480.0418
26,1920,DENVER,267,259605.9496
1,1921,DENVER,201,259731.9508
2,1921,DENVER,188,259858.0437
3,1921,DENVER,249,259984.2263
4,1921,DENVER,348,260110.4969
5,1921,DENVER,349,260236.8537
6,1921,DENVER,189,260363.2949
7,1921,DENVER,98,260489.8186
8,1921,DENVER,84,260616.423
9,1921,DENVER,75,260743.1064
10,1921,DENVER,48,260869.8668
11,1921,DENVER,35,260996.7026
12,1921,DENVER,25,261123.6118
13,1921,DENVER,6,261250.5926
14,1921,DENVER,4,261377.6433
15,1921,DENVER,NA,261504.7621
16,1921,DENVER,2,261631.947
17,1921,DENVER,NA,261759.1964
18,1921,DENVER,4,261886.5083
19,1921,DENVER,NA,262013.881
20,1921,DENVER,3,262141.3127
21,1921,DENVER,6,262268.8015
22,1921,DENVER,4,262396.3456
23,1921,DENVER,4,262523.9433
24,1921,DENVER,2,262651.5926
25,1921,DENVER,3,262779.2919
26,1921,DENVER,6,262907.0392
1,1922,DENVER,NA,263034.8328
2,1922,DENVER,4,263162.6708
3,1922,DENVER,5,263290.5515
4,1922,DENVER,3,263418.4729
5,1922,DENVER,7,263546.4334
6,1922,DENVER,10,263674.431
7,1922,DENVER,6,263802.4641
8,1922,DENVER,11,263930.5307
9,1922,DENVER,5,264058.629
10,1922,DENVER,4,264186.7573
11,1922,DENVER,7,264314.9136
12,1922,DENVER,13,264443.0963
13,1922,DENVER,8,264571.3035
14,1922,DENVER,4,264699.5333
15,1922,DENVER,2,264827.784
16,1922,DENVER,4,264956.0538
17,1922,DENVER,NA,265084.3408
18,1922,DENVER,NA,265212.6432
19,1922,DENVER,4,265340.9592
20,1922,DENVER,6,265469.287
21,1922,DENVER,2,265597.6247
22,1922,DENVER,3,265725.9706
23,1922,DENVER,4,265854.3229
24,1922,DENVER,5,265982.6797
25,1922,DENVER,10,266111.0392
26,1922,DENVER,3,266239.3996
1,1923,DENVER,7,266367.7591
2,1923,DENVER,8,266496.1159
3,1923,DENVER,2,266624.4682
4,1923,DENVER,15,266752.8141
5,1923,DENVER,27,266881.1518
6,1923,DENVER,82,267009.4795
7,1923,DENVER,136,267137.7955
8,1923,DENVER,508,267266.0978
9,1923,DENVER,1000,267394.3847
10,1923,DENVER,909,267522.6544
11,1923,DENVER,700,267650.905
12,1923,DENVER,350,267779.1347
13,1923,DENVER,141,267907.3418
14,1923,DENVER,47,268035.5244
15,1923,DENVER,17,268163.6806
16,1923,DENVER,NA,268291.8088
17,1923,DENVER,5,268419.907
18,1923,DENVER,2,268547.9734
19,1923,DENVER,2,268676.0063
20,1923,DENVER,3,268804.0038
21,1923,DENVER,6,268931.9641
22,1923,DENVER,3,269059.8854
23,1923,DENVER,5,269187.7658
24,1923,DENVER,4,269315.6036
25,1923,DENVER,20,269443.397
26,1923,DENVER,29,269571.1441
1,1924,DENVER,46,269698.8431
2,1924,DENVER,44,269826.4923
3,1924,DENVER,111,269954.0897
4,1924,DENVER,160,270081.6336
5,1924,DENVER,200,270209.1222
6,1924,DENVER,234,270336.5536
7,1924,DENVER,206,270463.926
8,1924,DENVER,168,270591.2377
9,1924,DENVER,165,270718.4867
10,1924,DENVER,138,270845.6714
11,1924,DENVER,99,270972.7898
12,1924,DENVER,36,271099.8402
13,1924,DENVER,39,271226.8208
14,1924,DENVER,14,271353.7297
15,1924,DENVER,4,271480.5651
16,1924,DENVER,0,271607.3252
17,1924,DENVER,0,271734.0082
18,1924,DENVER,4,271860.6122
19,1924,DENVER,2,271987.1356
20,1924,DENVER,2,272113.5764
21,1924,DENVER,2,272239.9328
22,1924,DENVER,3,272366.203
23,1924,DENVER,1,272492.3853
24,1924,DENVER,4,272618.4777
25,1924,DENVER,2,272744.4785
26,1924,DENVER,2,272870.3859
1,1925,DENVER,5,272996.1981
2,1925,DENVER,7,273121.9131
3,1925,DENVER,3,273247.5293
4,1925,DENVER,3,273373.0448
5,1925,DENVER,4,273498.4578
6,1925,DENVER,4,273623.7665
7,1925,DENVER,7,273748.969
8,1925,DENVER,14,273874.0636
9,1925,DENVER,6,273999.0484
10,1925,DENVER,11,274123.9216
11,1925,DENVER,24,274248.6815
12,1925,DENVER,9,274373.3261
13,1925,DENVER,7,274497.8537
14,1925,DENVER,6,274622.2625
15,1925,DENVER,12,274746.5506
16,1925,DENVER,2,274870.7163
17,1925,DENVER,1,274994.7577
18,1925,DENVER,0,275118.673
19,1925,DENVER,2,275242.4604
20,1925,DENVER,2,275366.118
21,1925,DENVER,3,275489.6442
22,1925,DENVER,2,275613.0369
23,1925,DENVER,2,275736.2946
24,1925,DENVER,2,275859.4152
25,1925,DENVER,4,275982.3971
26,1925,DENVER,11,276105.2383
1,1926,DENVER,10,276227.9371
2,1926,DENVER,16,276350.4917
3,1926,DENVER,12,276472.9002
4,1926,DENVER,20,276595.1609
5,1926,DENVER,28,276717.2719
6,1926,DENVER,43,276839.2314
7,1926,DENVER,58,276961.0376
8,1926,DENVER,62,277082.6887
9,1926,DENVER,46,277204.1829
10,1926,DENVER,83,277325.5183
11,1926,DENVER,54,277446.6931
12,1926,DENVER,38,277567.7056
13,1926,DENVER,48,277688.5538
14,1926,DENVER,22,277809.2361
15,1926,DENVER,19,277929.7505
16,1926,DENVER,17,278050.0954
17,1926,DENVER,1,278170.2687
18,1926,DENVER,8,278290.2688
19,1926,DENVER,6,278410.0938
20,1926,DENVER,3,278529.742
21,1926,DENVER,8,278649.2114
22,1926,DENVER,8,278768.5003
23,1926,DENVER,17,278887.6069
24,1926,DENVER,28,279006.5293
25,1926,DENVER,79,279125.2658
26,1926,DENVER,135,279243.8145
1,1927,DENVER,222,279362.1736
2,1927,DENVER,441,279480.3413
3,1927,DENVER,1200,279598.3158
4,1927,DENVER,1978,279716.0952
5,1927,DENVER,1596,279833.6778
6,1927,DENVER,1018,279951.0618
7,1927,DENVER,552,280068.2452
8,1927,DENVER,279,280185.2264
9,1927,DENVER,152,280302.0035
10,1927,DENVER,68,280418.5746
11,1927,DENVER,55,280534.938
12,1927,DENVER,43,280651.0919
13,1927,DENVER,52,280767.0344
14,1927,DENVER,18,280882.7637
15,1927,DENVER,9,280998.2781
16,1927,DENVER,4,281113.5756
17,1927,DENVER,0,281228.6546
18,1927,DENVER,3,281343.5131
19,1927,DENVER,6,281458.1493
20,1927,DENVER,4,281572.5615
21,1927,DENVER,6,281686.7478
22,1927,DENVER,3,281800.7064
23,1927,DENVER,3,281914.4356
24,1927,DENVER,5,282027.9334
25,1927,DENVER,5,282141.198
26,1927,DENVER,5,282254.2278
1,1928,DENVER,13,282367.0207
2,1928,DENVER,15,282479.5751
3,1928,DENVER,26,282591.8891
4,1928,DENVER,24,282703.9609
5,1928,DENVER,41,282815.7887
6,1928,DENVER,75,282927.3707
7,1928,DENVER,140,283038.705
8,1928,DENVER,143,283149.7898
9,1928,DENVER,158,283260.6234
10,1928,DENVER,206,283371.2039
11,1928,DENVER,162,283481.5295
12,1928,DENVER,67,283591.5983
13,1928,DENVER,59,283701.4087
14,1928,DENVER,30,283810.9587
15,1928,DENVER,15,283920.2465
16,1928,DENVER,11,284029.2704
17,1928,DENVER,2,284138.0285
18,1928,DENVER,6,284246.5189
19,1928,DENVER,5,284354.74
20,1928,DENVER,0,284462.6898
21,1928,DENVER,4,284570.3666
22,1928,DENVER,5,284677.7685
23,1928,DENVER,6,284784.8938
24,1928,DENVER,8,284891.7405
25,1928,DENVER,0,284998.307
26,1928,DENVER,1,285104.5914
1,1929,DENVER,3,285210.5918
2,1929,DENVER,2,285316.3065
3,1929,DENVER,8,285421.7336
4,1929,DENVER,5,285526.8713
5,1929,DENVER,6,285631.7179
6,1929,DENVER,7,285736.2714
7,1929,DENVER,16,285840.5302
8,1929,DENVER,10,285944.4923
9,1929,DENVER,10,286048.156
10,1929,DENVER,12,286151.5194
11,1929,DENVER,4,286254.5807
12,1929,DENVER,9,286357.3382
13,1929,DENVER,16,286459.7899
14,1929,DENVER,3,286561.9342
15,1929,DENVER,4,286663.7691
16,1929,DENVER,4,286765.2928
17,1929,DENVER,9,286866.5037
18,1929,DENVER,5,286967.3997
19,1929,DENVER,8,287067.9792
20,1929,DENVER,3,287168.2402
21,1929,DENVER,6,287268.181
22,1929,DENVER,1,287367.7999
23,1929,DENVER,2,287467.0948
24,1929,DENVER,4,287566.0641
25,1929,DENVER,5,287664.706
26,1929,DENVER,4,287763.0185
1,1930,DENVER,16,287861
2,1930,DENVER,6,287958.65
3,1930,DENVER,NA,288055.9741
4,1930,DENVER,86,288152.9791
5,1930,DENVER,292,288249.6721
6,1930,DENVER,305,288346.06
7,1930,DENVER,595,288442.1497
8,1930,DENVER,1272,288537.9483
9,1930,DENVER,1251,288633.4626
10,1930,DENVER,1426,288728.6997
11,1930,DENVER,908,288823.6664
12,1930,DENVER,484,288918.3698
13,1930,DENVER,176,289012.8167
14,1930,DENVER,42,289107.0142
15,1930,DENVER,17,289200.9692
16,1930,DENVER,8,289294.6886
17,1930,DENVER,2,289388.1794
18,1930,DENVER,3,289481.4486
19,1930,DENVER,1,289574.5031
20,1930,DENVER,0,289667.3498
21,1930,DENVER,9,289759.9958
22,1930,DENVER,3,289852.4479
23,1930,DENVER,5,289944.7132
24,1930,DENVER,9,290036.7985
25,1930,DENVER,12,290128.7109
26,1930,DENVER,13,290220.4573
1,1931,DENVER,36,290312.0446
2,1931,DENVER,26,290403.4798
3,1931,DENVER,16,290494.7699
4,1931,DENVER,34,290585.9218
5,1931,DENVER,62,290676.9424
6,1931,DENVER,43,290767.8388
7,1931,DENVER,36,290858.6178
8,1931,DENVER,44,290949.2864
9,1931,DENVER,82,291039.8517
10,1931,DENVER,85,291130.3204
11,1931,DENVER,95,291220.6997
12,1931,DENVER,107,291310.9964
13,1931,DENVER,49,291401.2174
14,1931,DENVER,7,291491.3699
15,1931,DENVER,9,291581.4606
16,1931,DENVER,2,291671.4966
17,1931,DENVER,3,291761.4848
18,1931,DENVER,1,291851.4322
19,1931,DENVER,4,291941.3457
20,1931,DENVER,2,292031.2323
21,1931,DENVER,3,292121.0989
22,1931,DENVER,2,292210.9525
23,1931,DENVER,4,292300.8
24,1931,DENVER,4,292390.6485
25,1931,DENVER,3,292480.5047
26,1931,DENVER,2,292570.3758
1,1932,DENVER,6,292660.2686
2,1932,DENVER,9,292750.1902
3,1932,DENVER,13,292840.1474
4,1932,DENVER,30,292930.1472
5,1932,DENVER,64,293020.1966
6,1932,DENVER,110,293110.3025
7,1932,DENVER,175,293200.472
8,1932,DENVER,263,293290.7118
9,1932,DENVER,180,293381.029
10,1932,DENVER,206,293471.4306
11,1932,DENVER,154,293561.9235
12,1932,DENVER,108,293652.5146
13,1932,DENVER,99,293743.211
14,1932,DENVER,40,293834.0195
15,1932,DENVER,11,293924.9471
16,1932,DENVER,3,294016.0008
17,1932,DENVER,6,294107.1875
18,1932,DENVER,3,294198.5142
19,1932,DENVER,3,294289.9879
20,1932,DENVER,6,294381.6154
21,1932,DENVER,9,294473.4038
22,1932,DENVER,1,294565.3599
23,1932,DENVER,11,294657.4908
24,1932,DENVER,13,294749.8035
25,1932,DENVER,13,294842.3047
26,1932,DENVER,9,294935.0016
1,1933,DENVER,10,295027.9011
2,1933,DENVER,5,295121.0101
3,1933,DENVER,8,295214.3355
4,1933,DENVER,6,295307.8844
5,1933,DENVER,2,295401.6637
6,1933,DENVER,9,295495.6803
7,1933,DENVER,5,295589.9412
8,1933,DENVER,4,295684.4534
9,1933,DENVER,10,295779.2238
10,1933,DENVER,9,295874.2593
11,1933,DENVER,8,295969.5669
12,1933,DENVER,2,296065.1536
13,1933,DENVER,5,296161.0263
14,1933,DENVER,4,296257.192
15,1933,DENVER,7,296353.6577
16,1933,DENVER,4,296450.4302
17,1933,DENVER,1,296547.5165
18,1933,DENVER,5,296644.9236
19,1933,DENVER,3,296742.6585
20,1933,DENVER,4,296840.7281
21,1933,DENVER,3,296939.1393
22,1933,DENVER,1,297037.8992
23,1933,DENVER,8,297137.0146
24,1933,DENVER,1,297236.4925
25,1933,DENVER,5,297336.3399
26,1933,DENVER,3,297436.5638
1,1934,DENVER,2,297537.171
2,1934,DENVER,3,297638.1685
3,1934,DENVER,36,297739.5633
4,1934,DENVER,70,297841.3624
5,1934,DENVER,210,297943.5727
6,1934,DENVER,242,298046.2011
7,1934,DENVER,253,298149.2546
8,1934,DENVER,319,298252.7402
9,1934,DENVER,723,298356.6648
10,1934,DENVER,1176,298461.0354
11,1934,DENVER,1183,298565.8589
12,1934,DENVER,758,298671.1423
13,1934,DENVER,528,298776.8925
14,1934,DENVER,178,298883.1165
15,1934,DENVER,84,298989.8212
16,1934,DENVER,41,299097.0137
17,1934,DENVER,10,299204.7007
18,1934,DENVER,4,299312.8894
19,1934,DENVER,7,299421.5867
20,1934,DENVER,22,299530.7994
21,1934,DENVER,28,299640.5347
22,1934,DENVER,89,299750.7993
23,1934,DENVER,158,299861.6003
24,1934,DENVER,171,299972.9447
25,1934,DENVER,391,300084.8393
26,1934,DENVER,442,300197.2912
1,1935,DENVER,819,300310.3073
2,1935,DENVER,477,300423.8945
3,1935,DENVER,712,300538.0598
4,1935,DENVER,712,300652.8102
5,1935,DENVER,638,300768.1525
6,1935,DENVER,428,300884.0939
7,1935,DENVER,463,301000.6411
8,1935,DENVER,288,301117.8013
9,1935,DENVER,318,301235.5812
10,1935,DENVER,404,301353.988
11,1935,DENVER,383,301473.0285
12,1935,DENVER,219,301592.7096
13,1935,DENVER,121,301713.0385
14,1935,DENVER,52,301834.0219
15,1935,DENVER,26,301955.6668
16,1935,DENVER,10,302077.9803
17,1935,DENVER,8,302200.9693
18,1935,DENVER,2,302324.6406
19,1935,DENVER,3,302449.0013
20,1935,DENVER,5,302574.0584
21,1935,DENVER,3,302699.8187
22,1935,DENVER,5,302826.2893
23,1935,DENVER,5,302953.477
24,1935,DENVER,13,303081.3889
25,1935,DENVER,12,303210.0319
26,1935,DENVER,11,303339.4129
1,1936,DENVER,9,303469.539
2,1936,DENVER,11,303600.417
3,1936,DENVER,11,303732.0539
4,1936,DENVER,15,303864.4567
5,1936,DENVER,13,303997.6323
6,1936,DENVER,13,304131.5877
7,1936,DENVER,23,304266.3298
8,1936,DENVER,21,304401.8656
9,1936,DENVER,51,304538.202
10,1936,DENVER,36,304675.346
11,1936,DENVER,61,304813.3046
12,1936,DENVER,42,304952.0847
13,1936,DENVER,26,305091.6932
14,1936,DENVER,16,305232.1372
15,1936,DENVER,8,305373.4235
16,1936,DENVER,6,305515.5591
17,1936,DENVER,4,305658.551
18,1936,DENVER,2,305802.4062
19,1936,DENVER,3,305947.1315
20,1936,DENVER,5,306092.7339
21,1936,DENVER,4,306239.2205
22,1936,DENVER,1,306386.5981
23,1936,DENVER,2,306534.8737
24,1936,DENVER,9,306684.0542
25,1936,DENVER,6,306834.1467
26,1936,DENVER,4,306985.158
1,1937,DENVER,6,307137.0951
2,1937,DENVER,5,307289.965
3,1937,DENVER,5,307443.7746
4,1937,DENVER,8,307598.5309
5,1937,DENVER,7,307754.2409
6,1937,DENVER,7,307910.9114
7,1937,DENVER,5,308068.5495
8,1937,DENVER,7,308227.1621
9,1937,DENVER,31,308386.7561
10,1937,DENVER,39,308547.3385
11,1937,DENVER,26,308708.9163
12,1937,DENVER,56,308871.4964
13,1937,DENVER,90,309035.0858
14,1937,DENVER,63,309199.6914
15,1937,DENVER,44,309365.3202
16,1937,DENVER,25,309531.9791
17,1937,DENVER,19,309699.6751
18,1937,DENVER,23,309868.4151
19,1937,DENVER,12,310038.2061
20,1937,DENVER,15,310209.0551
21,1937,DENVER,20,310380.969
22,1937,DENVER,25,310553.9547
23,1937,DENVER,29,310728.0193
24,1937,DENVER,66,310903.1696
25,1937,DENVER,85,311079.4126
26,1937,DENVER,140,311256.7553
1,1938,DENVER,232,311435.2047
2,1938,DENVER,366,311614.7676
3,1938,DENVER,481,311795.451
4,1938,DENVER,753,311977.262
5,1938,DENVER,1022,312160.2074
6,1938,DENVER,887,312344.2942
7,1938,DENVER,536,312529.5293
8,1938,DENVER,291,312715.9198
9,1938,DENVER,195,312903.4725
10,1938,DENVER,119,313092.1945
11,1938,DENVER,56,313282.0926
12,1938,DENVER,23,313473.1738
13,1938,DENVER,11,313665.4452
14,1938,DENVER,12,313858.9135
15,1938,DENVER,10,314053.5859
16,1938,DENVER,5,314249.4692
17,1938,DENVER,3,314446.5704
18,1938,DENVER,2,314644.8964
19,1938,DENVER,5,314844.4542
20,1938,DENVER,8,315045.2509
21,1938,DENVER,3,315247.2932
22,1938,DENVER,5,315450.5882
23,1938,DENVER,3,315655.1428
24,1938,DENVER,10,315860.964
25,1938,DENVER,2,316068.0587
26,1938,DENVER,3,316276.434
1,1939,DENVER,5,316486.0966
2,1939,DENVER,16,316697.0537
3,1939,DENVER,12,316909.3121
4,1939,DENVER,14,317122.8788
5,1939,DENVER,46,317337.7608
6,1939,DENVER,80,317553.9649
7,1939,DENVER,102,317771.4983
8,1939,DENVER,129,317990.3678
9,1939,DENVER,107,318210.5803
10,1939,DENVER,80,318432.1429
11,1939,DENVER,84,318655.0624
12,1939,DENVER,45,318879.3459
13,1939,DENVER,36,319105.0003
14,1939,DENVER,22,319332.0326
15,1939,DENVER,9,319560.4496
16,1939,DENVER,4,319790.2584
17,1939,DENVER,4,320021.4659
18,1939,DENVER,3,320254.0791
19,1939,DENVER,2,320488.1049
20,1939,DENVER,5,320723.5502
21,1939,DENVER,0,320960.4221
22,1939,DENVER,4,321198.7275
23,1939,DENVER,7,321438.4733
24,1939,DENVER,4,321679.6665
25,1939,DENVER,6,321922.3141
26,1939,DENVER,4,322166.4229
1,1940,DENVER,4,322412
2,1940,DENVER,9,322659.05
3,1940,DENVER,7,322907.5682
4,1940,DENVER,7,323157.5475
5,1940,DENVER,15,323408.9811
6,1940,DENVER,16,323661.8618
7,1940,DENVER,35,323916.1827
8,1940,DENVER,31,324171.9367
9,1940,DENVER,51,324429.1169
10,1940,DENVER,57,324687.7163
11,1940,DENVER,48,324947.7278
12,1940,DENVER,30,325209.1444
13,1940,DENVER,21,325471.9591
14,1940,DENVER,8,325736.1649
15,1940,DENVER,6,326001.7548
16,1940,DENVER,2,326268.7218
17,1940,DENVER,2,326537.0589
18,1940,DENVER,5,326806.7591
19,1940,DENVER,5,327077.8154
20,1940,DENVER,5,327350.2207
21,1940,DENVER,4,327623.968
22,1940,DENVER,9,327899.0504
23,1940,DENVER,10,328175.4609
24,1940,DENVER,53,328453.1923
25,1940,DENVER,54,328732.2378
26,1940,DENVER,42,329012.5903
1,1941,DENVER,34,329294.2428
2,1941,DENVER,12,329577.1882
3,1941,DENVER,10,329861.4197
4,1941,DENVER,34,330146.9301
5,1941,DENVER,129,330433.7125
6,1941,DENVER,238,330721.7599
7,1941,DENVER,390,331011.0652
8,1941,DENVER,590,331301.6215
9,1941,DENVER,761,331593.4217
10,1941,DENVER,833,331886.4588
11,1941,DENVER,685,332180.7258
12,1941,DENVER,253,332476.2158
13,1941,DENVER,124,332772.9217
14,1941,DENVER,41,333070.8364
15,1941,DENVER,21,333369.953
16,1941,DENVER,7,333670.2645
17,1941,DENVER,10,333971.7639
18,1941,DENVER,7,334274.4442
19,1941,DENVER,6,334578.2982
20,1941,DENVER,2,334883.3192
21,1941,DENVER,15,335189.5
22,1941,DENVER,9,335496.8336
23,1941,DENVER,15,335805.313
24,1941,DENVER,14,336114.9312
25,1941,DENVER,61,336425.6812
26,1941,DENVER,50,336737.5561
1,1942,DENVER,84,337050.5487
2,1942,DENVER,104,337364.6521
3,1942,DENVER,132,337679.8592
4,1942,DENVER,194,337996.1631
5,1942,DENVER,208,338313.5568
6,1942,DENVER,237,338632.0332
7,1942,DENVER,255,338951.5854
8,1942,DENVER,288,339272.2063
9,1942,DENVER,254,339593.8889
10,1942,DENVER,266,339916.6262
11,1942,DENVER,316,340240.4112
12,1942,DENVER,163,340565.2369
13,1942,DENVER,78,340891.0963
14,1942,DENVER,38,341217.9824
15,1942,DENVER,26,341545.8882
16,1942,DENVER,14,341874.8066
17,1942,DENVER,8,342204.7307
18,1942,DENVER,2,342535.6534
19,1942,DENVER,5,342867.5677
20,1942,DENVER,8,343200.4667
21,1942,DENVER,4,343534.3433
22,1942,DENVER,7,343869.1905
23,1942,DENVER,5,344205.0014
24,1942,DENVER,9,344541.7688
25,1942,DENVER,12,344879.4858
26,1942,DENVER,31,345218.1454
1,1943,DENVER,89,345557.7405
2,1943,DENVER,205,345898.2642
3,1943,DENVER,393,346239.7095
4,1943,DENVER,496,346582.0693
5,1943,DENVER,902,346925.3367
6,1943,DENVER,1064,347269.5046
7,1943,DENVER,1254,347614.566
8,1943,DENVER,920,347960.5139
9,1943,DENVER,653,348307.3413
10,1943,DENVER,370,348655.0413
11,1943,DENVER,229,349003.6067
12,1943,DENVER,87,349353.0306
13,1943,DENVER,23,349703.3059
14,1943,DENVER,10,350054.4258
15,1943,DENVER,0,350406.383
16,1943,DENVER,8,350759.1708
17,1943,DENVER,7,351112.7819
18,1943,DENVER,2,351467.2096
19,1943,DENVER,1,351822.4466
20,1943,DENVER,2,352178.486
21,1943,DENVER,2,352535.3209
22,1943,DENVER,4,352892.9441
23,1943,DENVER,5,353251.3487
24,1943,DENVER,11,353610.5278
25,1943,DENVER,12,353970.4741
26,1943,DENVER,14,354331.1809
1,1944,DENVER,18,354692.641
2,1944,DENVER,70,355054.8475
3,1944,DENVER,127,355417.7933
4,1944,DENVER,181,355781.4714
5,1944,DENVER,236,356145.8749
6,1944,DENVER,268,356510.9966
7,1944,DENVER,210,356876.8297
8,1944,DENVER,234,357243.3671
9,1944,DENVER,222,357610.6017
10,1944,DENVER,171,357978.5267
11,1944,DENVER,95,358347.1349
12,1944,DENVER,44,358716.4194
13,1944,DENVER,20,359086.3731
14,1944,DENVER,3,359456.9891
15,1944,DENVER,5,359828.2604
16,1944,DENVER,2,360200.1798
17,1944,DENVER,0,360572.7405
18,1944,DENVER,0,360945.9354
19,1944,DENVER,0,361319.7575
20,1944,DENVER,2,361694.1998
21,1944,DENVER,7,362069.2553
22,1944,DENVER,7,362444.917
23,1944,DENVER,2,362821.1779
24,1944,DENVER,9,363198.0309
25,1944,DENVER,4,363575.4691
26,1944,DENVER,8,363953.4854
1,1945,DENVER,9,364332.0729
2,1945,DENVER,13,364711.2245
3,1945,DENVER,16,365090.9333
4,1945,DENVER,14,365471.1921
5,1945,DENVER,11,365851.9941
6,1945,DENVER,8,366233.3322
7,1945,DENVER,6,366615.1993
8,1945,DENVER,14,366997.5885
9,1945,DENVER,11,367380.4929
10,1945,DENVER,13,367763.9052
11,1945,DENVER,9,368147.8187
12,1945,DENVER,4,368532.2262
13,1945,DENVER,6,368917.1207
14,1945,DENVER,5,369302.4953
15,1945,DENVER,7,369688.3429
16,1945,DENVER,4,370074.6565
17,1945,DENVER,1,370461.4291
18,1945,DENVER,2,370848.6537
19,1945,DENVER,5,371236.3233
20,1945,DENVER,3,371624.4309
21,1945,DENVER,5,372012.9695
22,1945,DENVER,9,372401.9321
23,1945,DENVER,7,372791.3116
24,1945,DENVER,NA,373181.101
25,1945,DENVER,NA,373571.2934
26,1945,DENVER,2,373961.8817
1,1946,DENVER,21,374352.859
2,1946,DENVER,36,374744.2182
3,1946,DENVER,39,375135.9523
4,1946,DENVER,79,375528.0543
5,1946,DENVER,257,375920.5172
6,1946,DENVER,611,376313.3339
7,1946,DENVER,1041,376706.4976
8,1946,DENVER,1408,377100.0011
9,1946,DENVER,1499,377493.8375
10,1946,DENVER,1133,377887.9997
11,1946,DENVER,663,378282.4808
12,1946,DENVER,202,378677.2737
13,1946,DENVER,66,379072.3714
14,1946,DENVER,26,379467.767
15,1946,DENVER,17,379863.4533
16,1946,DENVER,11,380259.4235
17,1946,DENVER,2,380655.6705
18,1946,DENVER,4,381052.1872
19,1946,DENVER,2,381448.9668
20,1946,DENVER,5,381846.0021
21,1946,DENVER,6,382243.2861
22,1946,DENVER,3,382640.8119
23,1946,DENVER,7,383038.5725
24,1946,DENVER,5,383436.5608
25,1946,DENVER,3,383834.7698
26,1946,DENVER,4,384233.1926
1,1947,DENVER,4,384631.822
2,1947,DENVER,11,385030.6512
3,1947,DENVER,19,385429.673
4,1947,DENVER,26,385828.8806
5,1947,DENVER,47,386228.2668
6,1947,DENVER,43,386627.8247
7,1947,DENVER,80,387027.5472
8,1947,DENVER,69,387427.4274
9,1947,DENVER,58,387827.4583
10,1947,DENVER,71,388227.6328
11,1947,DENVER,32,388627.9439
12,1947,DENVER,6,389028.3846
13,1947,DENVER,11,389428.948
14,1947,DENVER,3,389829.627
15,1947,DENVER,8,390230.4145
16,1947,DENVER,5,390631.3037
17,1947,DENVER,4,391032.2874
18,1947,DENVER,2,391433.3587
19,1947,DENVER,2,391834.5105
20,1947,DENVER,3,392235.7359
21,1947,DENVER,4,392637.0279
22,1947,DENVER,5,393038.3794
23,1947,DENVER,18,393439.7834
24,1947,DENVER,11,393841.233
25,1947,DENVER,21,394242.721
26,1947,DENVER,18,394644.2406
1,1948,DENVER,56,395045.7847
2,1948,DENVER,88,395447.3462
3,1948,DENVER,125,395848.9183
4,1948,DENVER,257,396250.4938
5,1948,DENVER,572,396652.0657
6,1948,DENVER,775,397053.6272
7,1948,DENVER,875,397455.171
8,1948,DENVER,678,397856.6903
9,1948,DENVER,516,398258.1781
10,1948,DENVER,295,398659.6273
11,1948,DENVER,120,399061.0308
12,1948,DENVER,51,399462.3818
13,1948,DENVER,32,399863.6732
14,1948,DENVER,NA,400264.898
15,1948,DENVER,NA,400666.0491
16,1948,DENVER,NA,401067.1197
17,1948,DENVER,NA,401468.1026
18,1948,DENVER,NA,401868.9908
19,1948,DENVER,NA,402269.7774
20,1948,DENVER,NA,402670.4554
21,1948,DENVER,NA,403071.0176
22,1948,DENVER,NA,403471.4572
23,1948,DENVER,NA,403871.7671
24,1948,DENVER,NA,404271.9403
25,1948,DENVER,NA,404671.9699
26,1948,DENVER,NA,405071.8487
